Calendar Month,Calendar WS Date,Month,Week,Year,Month Short Name,CalWK,CalMth,FiscalYear,Month Long Name
012/2022,12/25/2022,12,53,2022,Dec,52,Dec,2023,December
012/2022,12/18/2022,12,52,2022,Dec,51,Dec,2023,December
012/2022,12/11/2022,12,51,2022,Dec,50,Dec,2023,December
012/2022,12/4/2022,12,50,2022,Dec,49,Dec,2023,December
012/2022,11/27/2022,12,49,2022,Dec,48,Nov,2023,November
011/2022,11/20/2022,11,48,2022,Nov,47,Nov,2023,November
011/2022,11/13/2022,11,47,2022,Nov,46,Nov,2023,November
011/2022,11/6/2022,11,46,2022,Nov,45,Nov,2023,November
011/2022,10/30/2022,11,45,2022,Nov,44,Oct,2023,October
010/2022,10/23/2022,10,44,2022,Oct,43,Oct,2023,October
010/2022,10/16/2022,10,43,2022,Oct,42,Oct,2023,October
010/2022,10/9/2022,10,42,2022,Oct,41,Oct,2023,October
010/2022,10/2/2022,10,41,2022,Oct,40,Oct,2023,October
010/2022,9/25/2022,10,40,2022,Oct,39,Sep,2023,September
009/2022,9/18/2022,9,39,2022,Sep,38,Sep,2023,September
009/2022,9/11/2022,9,38,2022,Sep,37,Sep,2023,September
009/2022,9/4/2022,9,37,2022,Sep,36,Sep,2023,September
009/2022,8/28/2022,9,36,2022,Sep,35,Aug,2023,August
008/2022,8/21/2022,8,35,2022,Aug,34,Aug,2023,August
008/2022,8/14/2022,8,34,2022,Aug,33,Aug,2023,August
008/2022,8/7/2022,8,33,2022,Aug,32,Aug,2023,August
008/2022,7/31/2022,8,32,2022,Aug,31,Jul,2023,July
007/2022,7/24/2022,7,31,2022,Jul,30,Jul,2023,July
007/2022,7/17/2022,7,30,2022,Jul,29,Jul,2023,July
007/2022,7/10/2022,7,29,2022,Jul,28,Jul,2023,July
007/2022,7/3/2022,7,28,2022,Jul,27,Jul,2023,July
007/2022,6/26/2022,7,27,2022,Jul,26,Jun,2022,June
006/2022,6/19/2022,6,26,2022,Jun,25,Jun,2022,June
006/2022,6/12/2022,6,25,2022,Jun,24,Jun,2022,June
006/2022,6/5/2022,6,24,2022,Jun,23,Jun,2022,June
006/2022,5/29/2022,6,23,2022,Jun,22,May,2022,May
005/2022,5/22/2022,5,22,2022,May,21,May,2022,May
005/2022,5/15/2022,5,21,2022,May,20,May,2022,May
005/2022,5/8/2022,5,20,2022,May,19,May,2022,May
005/2022,5/1/2022,5,19,2022,May,18,May,2022,April
004/2022,4/24/2022,4,18,2022,Apr,17,Apr,2022,April
004/2022,4/17/2022,4,17,2022,Apr,16,Apr,2022,April
004/2022,4/10/2022,4,16,2022,Apr,15,Apr,2022,April
004/2022,4/3/2022,4,15,2022,Apr,14,Apr,2022,April
004/2022,3/27/2022,4,14,2022,Apr,13,Mar,2022,March
003/2022,3/20/2022,3,13,2022,Mar,12,Mar,2022,March
003/2022,3/13/2022,3,12,2022,Mar,11,Mar,2022,March
003/2022,3/6/2022,3,11,2022,Mar,10,Mar,2022,March
003/2022,2/27/2022,3,10,2022,Mar,9,Feb,2022,February
002/2022,2/20/2022,2,9,2022,Feb,8,Feb,2022,February
002/2022,2/13/2022,2,8,2022,Feb,7,Feb,2022,February
002/2022,2/6/2022,2,7,2022,Feb,6,Feb,2022,February
002/2022,1/30/2022,2,6,2022,Feb,5,Jan,2022,January
001/2022,1/23/2022,1,5,2022,Jan,4,Jan,2022,January
001/2022,1/16/2022,1,4,2022,Jan,3,Jan,2022,January
001/2022,1/9/2022,1,3,2022,Jan,2,Jan,2022,January
001/2022,1/2/2022,1,2,2022,Jan,1,Jan,2022,January
001/2022,12/26/2021,1,1,2022,Jan,52,Dec,2022,December
012/2021,12/19/2021,12,52,2021,Dec,51,Dec,2022,December
012/2021,12/12/2021,12,51,2021,Dec,50,Dec,2022,December
012/2021,12/5/2021,12,50,2021,Dec,49,Dec,2022,December
012/2021,11/28/2021,12,49,2021,Dec,48,Nov,2022,November
011/2021,11/21/2021,11,48,2021,Nov,47,Nov,2022,November
011/2021,11/14/2021,11,47,2021,Nov,46,Nov,2022,November
011/2021,11/7/2021,11,46,2021,Nov,45,Nov,2022,November
011/2021,10/31/2021,11,45,2021,Nov,44,Oct,2022,October
010/2021,10/24/2021,10,44,2021,Oct,43,Oct,2022,October
010/2021,10/17/2021,10,43,2021,Oct,42,Oct,2022,October
010/2021,10/10/2021,10,42,2021,Oct,41,Oct,2022,October
010/2021,10/3/2021,10,41,2021,Oct,40,Oct,2022,October
010/2021,9/26/2021,10,40,2021,Oct,39,Sep,2022,September
009/2021,9/19/2021,9,39,2021,Sep,38,Sep,2022,September
009/2021,9/12/2021,9,38,2021,Sep,37,Sep,2022,September
009/2021,9/5/2021,9,37,2021,Sep,36,Sep,2022,September
009/2021,8/29/2021,9,36,2021,Sep,35,Aug,2022,August
008/2021,8/22/2021,8,35,2021,Aug,34,Aug,2022,August
008/2021,8/15/2021,8,34,2021,Aug,33,Aug,2022,August
008/2021,8/8/2021,8,33,2021,Aug,32,Aug,2022,August
008/2021,8/1/2021,8,32,2021,Aug,31,Aug,2022,July
007/2021,7/25/2021,7,31,2021,Jul,30,Jul,2022,July
007/2021,7/18/2021,7,30,2021,Jul,29,Jul,2022,July
007/2021,7/11/2021,7,29,2021,Jul,28,Jul,2022,July
007/2021,7/4/2021,7,28,2021,Jul,27,Jul,2022,July
007/2021,6/27/2021,7,27,2021,Jul,26,Jun,2021,June
006/2021,6/20/2021,6,26,2021,Jun,25,Jun,2021,June
006/2021,6/13/2021,6,25,2021,Jun,24,Jun,2021,June
006/2021,6/6/2021,6,24,2021,Jun,23,Jun,2021,June
006/2021,5/30/2021,6,23,2021,Jun,22,May,2021,May
005/2021,5/23/2021,5,22,2021,May,21,May,2021,May
005/2021,5/16/2021,5,21,2021,May,20,May,2021,May
005/2021,5/9/2021,5,20,2021,May,19,May,2021,May
005/2021,5/2/2021,5,19,2021,May,18,May,2021,April
004/2021,4/25/2021,4,18,2021,Apr,17,Apr,2021,April
004/2021,4/18/2021,4,17,2021,Apr,16,Apr,2021,April
004/2021,4/11/2021,4,16,2021,Apr,15,Apr,2021,April
004/2021,4/4/2021,4,15,2021,Apr,14,Apr,2021,April
004/2021,3/28/2021,4,14,2021,Apr,13,Mar,2021,March
003/2021,3/21/2021,3,13,2021,Mar,12,Mar,2021,March
003/2021,3/14/2021,3,12,2021,Mar,11,Mar,2021,March
003/2021,3/7/2021,3,11,2021,Mar,10,Mar,2021,March
003/2021,2/28/2021,3,10,2021,Mar,9,Feb,2021,February
002/2021,2/21/2021,2,9,2021,Feb,8,Feb,2021,February
002/2021,2/14/2021,2,8,2021,Feb,7,Feb,2021,February
002/2021,2/7/2021,2,7,2021,Feb,6,Feb,2021,February
002/2021,1/31/2021,2,6,2021,Feb,5,Jan,2021,January
001/2021,1/24/2021,1,5,2021,Jan,4,Jan,2021,January
001/2021,1/17/2021,1,4,2021,Jan,3,Jan,2021,January
001/2021,1/10/2021,1,3,2021,Jan,2,Jan,2021,January
001/2021,1/3/2021,1,2,2021,Jan,1,Jan,2021,January
001/2021,12/27/2020,1,1,2021,Jan,52,Dec,2021,December
012/2020,12/20/2020,12,52,2020,Dec,51,Dec,2021,December
012/2020,12/13/2020,12,51,2020,Dec,50,Dec,2021,December
012/2020,12/6/2020,12,50,2020,Dec,49,Dec,2021,December
012/2020,11/29/2020,12,49,2020,Dec,48,Nov,2021,November
011/2020,11/22/2020,11,48,2020,Nov,47,Nov,2021,November
011/2020,11/15/2020,11,47,2020,Nov,46,Nov,2021,November
011/2020,11/8/2020,11,46,2020,Nov,45,Nov,2021,November
011/2020,11/1/2020,11,45,2020,Nov,44,Nov,2021,October
010/2020,10/25/2020,10,44,2020,Oct,43,Oct,2021,October
010/2020,10/18/2020,10,43,2020,Oct,42,Oct,2021,October
010/2020,10/11/2020,10,42,2020,Oct,41,Oct,2021,October
010/2020,10/4/2020,10,41,2020,Oct,40,Oct,2021,October
010/2020,9/27/2020,10,40,2020,Oct,39,Sep,2021,September
009/2020,9/20/2020,9,39,2020,Sep,38,Sep,2021,September
009/2020,9/13/2020,9,38,2020,Sep,37,Sep,2021,September
009/2020,9/6/2020,9,37,2020,Sep,36,Sep,2021,September
009/2020,8/30/2020,9,36,2020,Sep,35,Aug,2021,August
008/2020,8/23/2020,8,35,2020,Aug,34,Aug,2021,August
008/2020,8/16/2020,8,34,2020,Aug,33,Aug,2021,August
008/2020,8/9/2020,8,33,2020,Aug,32,Aug,2021,August
008/2020,8/2/2020,8,32,2020,Aug,31,Aug,2021,July
007/2020,7/26/2020,7,31,2020,Jul,30,Jul,2021,July
007/2020,7/19/2020,7,30,2020,Jul,29,Jul,2021,July
007/2020,7/12/2020,7,29,2020,Jul,28,Jul,2021,July
007/2020,7/5/2020,7,28,2020,Jul,27,Jul,2021,July
007/2020,6/28/2020,7,27,2020,Jul,26,Jun,2020,June
006/2020,6/21/2020,6,26,2020,Jun,25,Jun,2020,June
006/2020,6/14/2020,6,25,2020,Jun,24,Jun,2020,June
006/2020,6/7/2020,6,24,2020,Jun,23,Jun,2020,June
006/2020,5/31/2020,6,23,2020,Jun,22,May,2020,May
005/2020,5/24/2020,5,22,2020,May,21,May,2020,May
005/2020,5/17/2020,5,21,2020,May,20,May,2020,May
005/2020,5/10/2020,5,20,2020,May,19,May,2020,May
005/2020,5/3/2020,5,19,2020,May,18,May,2020,April
004/2020,4/26/2020,4,18,2020,Apr,17,Apr,2020,April
004/2020,4/19/2020,4,17,2020,Apr,16,Apr,2020,April
004/2020,4/12/2020,4,16,2020,Apr,15,Apr,2020,April
004/2020,4/5/2020,4,15,2020,Apr,14,Apr,2020,April
004/2020,3/29/2020,4,14,2020,Apr,13,Mar,2020,March
003/2020,3/22/2020,3,13,2020,Mar,12,Mar,2020,March
003/2020,3/15/2020,3,12,2020,Mar,11,Mar,2020,March
003/2020,3/8/2020,3,11,2020,Mar,10,Mar,2020,March
003/2020,3/1/2020,3,10,2020,Mar,9,Mar,2020,February
002/2020,2/23/2020,2,9,2020,Feb,8,Feb,2020,February
002/2020,2/16/2020,2,8,2020,Feb,7,Feb,2020,February
002/2020,2/9/2020,2,7,2020,Feb,6,Feb,2020,February
002/2020,2/2/2020,2,6,2020,Feb,5,Feb,2020,January
001/2020,1/26/2020,1,5,2020,Jan,4,Jan,2020,January
001/2020,1/19/2020,1,4,2020,Jan,3,Jan,2020,January
001/2020,1/12/2020,1,3,2020,Jan,2,Jan,2020,January
001/2020,1/5/2020,1,2,2020,Jan,1,Jan,2020,January
001/2020,12/29/2019,1,1,2020,Jan,52,Dec,2020,December
012/2019,12/22/2019,12,52,2019,Dec,51,Dec,2020,December
012/2019,12/15/2019,12,51,2019,Dec,50,Dec,2020,December
012/2019,12/8/2019,12,50,2019,Dec,49,Dec,2020,December
012/2019,12/1/2019,12,49,2019,Dec,48,Dec,2020,November
011/2019,11/24/2019,11,48,2019,Nov,47,Nov,2020,November
011/2019,11/17/2019,11,47,2019,Nov,46,Nov,2020,November
011/2019,11/10/2019,11,46,2019,Nov,45,Nov,2020,November
011/2019,11/3/2019,11,45,2019,Nov,44,Nov,2020,October
010/2019,10/27/2019,10,44,2019,Oct,43,Oct,2020,October
010/2019,10/20/2019,10,43,2019,Oct,42,Oct,2020,October
010/2019,10/13/2019,10,42,2019,Oct,41,Oct,2020,October
010/2019,10/6/2019,10,41,2019,Oct,40,Oct,2020,October
010/2019,9/29/2019,10,40,2019,Oct,39,Sep,2020,September
009/2019,9/22/2019,9,39,2019,Sep,38,Sep,2020,September
009/2019,9/15/2019,9,38,2019,Sep,37,Sep,2020,September
009/2019,9/8/2019,9,37,2019,Sep,36,Sep,2020,September
009/2019,9/1/2019,9,36,2019,Sep,35,Sep,2020,August
008/2019,8/25/2019,8,35,2019,Aug,34,Aug,2020,August
008/2019,8/18/2019,8,34,2019,Aug,33,Aug,2020,August
008/2019,8/11/2019,8,33,2019,Aug,32,Aug,2020,August
008/2019,8/4/2019,8,32,2019,Aug,31,Aug,2020,July
007/2019,7/28/2019,7,31,2019,Jul,30,Jul,2020,July
007/2019,7/21/2019,7,30,2019,Jul,29,Jul,2020,July
007/2019,7/14/2019,7,29,2019,Jul,28,Jul,2020,July
007/2019,7/7/2019,7,28,2019,Jul,27,Jul,2020,July
007/2019,6/30/2019,7,27,2019,Jul,26,Jun,2019,June
006/2019,6/23/2019,6,26,2019,Jun,25,Jun,2019,June
006/2019,6/16/2019,6,25,2019,Jun,24,Jun,2019,June
006/2019,6/9/2019,6,24,2019,Jun,23,Jun,2019,June
006/2019,6/2/2019,6,23,2019,Jun,22,Jun,2019,May
005/2019,5/26/2019,5,22,2019,May,21,May,2019,May
005/2019,5/19/2019,5,21,2019,May,20,May,2019,May
005/2019,5/12/2019,5,20,2019,May,19,May,2019,May
005/2019,5/5/2019,5,19,2019,May,18,May,2019,April
004/2019,4/28/2019,4,18,2019,Apr,17,Apr,2019,April
004/2019,4/21/2019,4,17,2019,Apr,16,Apr,2019,April
004/2019,4/14/2019,4,16,2019,Apr,15,Apr,2019,April
004/2019,4/7/2019,4,15,2019,Apr,14,Apr,2019,April
004/2019,3/31/2019,4,14,2019,Apr,13,Mar,2019,March
003/2019,3/24/2019,3,13,2019,Mar,12,Mar,2019,March
003/2019,3/17/2019,3,12,2019,Mar,11,Mar,2019,March
003/2019,3/10/2019,3,11,2019,Mar,10,Mar,2019,March
003/2019,3/3/2019,3,10,2019,Mar,9,Mar,2019,February
002/2019,2/24/2019,2,9,2019,Feb,8,Feb,2019,February
002/2019,2/17/2019,2,8,2019,Feb,7,Feb,2019,February
002/2019,2/10/2019,2,7,2019,Feb,6,Feb,2019,February
002/2019,2/3/2019,2,6,2019,Feb,5,Feb,2019,January
001/2019,1/27/2019,1,5,2019,Jan,4,Jan,2019,January
001/2019,1/20/2019,1,4,2019,Jan,3,Jan,2019,January
001/2019,1/13/2019,1,3,2019,Jan,2,Jan,2019,January
001/2019,1/6/2019,1,2,2019,Jan,1,Jan,2019,January
001/2019,12/30/2018,1,1,2019,Jan,52,Dec,2019,December
012/2018,12/23/2018,12,52,2018,Dec,51,Dec,2019,December
012/2018,12/16/2018,12,51,2018,Dec,50,Dec,2019,December
012/2018,12/9/2018,12,50,2018,Dec,49,Dec,2019,December
012/2018,12/2/2018,12,49,2018,Dec,48,Dec,2019,November
011/2018,11/25/2018,11,48,2018,Nov,47,Nov,2019,November
011/2018,11/18/2018,11,47,2018,Nov,46,Nov,2019,November
011/2018,11/11/2018,11,46,2018,Nov,45,Nov,2019,November
011/2018,11/4/2018,11,45,2018,Nov,44,Nov,2019,October
010/2018,10/28/2018,10,44,2018,Oct,43,Oct,2019,October
010/2018,10/21/2018,10,43,2018,Oct,42,Oct,2019,October
010/2018,10/14/2018,10,42,2018,Oct,41,Oct,2019,October
010/2018,10/7/2018,10,41,2018,Oct,40,Oct,2019,October
010/2018,9/30/2018,10,40,2018,Oct,39,Sep,2019,September
009/2018,9/23/2018,9,39,2018,Sep,38,Sep,2019,September
009/2018,9/16/2018,9,38,2018,Sep,37,Sep,2019,September
009/2018,9/9/2018,9,37,2018,Sep,36,Sep,2019,September
009/2018,9/2/2018,9,36,2018,Sep,35,Sep,2019,August
008/2018,8/26/2018,8,35,2018,Aug,34,Aug,2019,August
008/2018,8/19/2018,8,34,2018,Aug,33,Aug,2019,August
008/2018,8/12/2018,8,33,2018,Aug,32,Aug,2019,August
008/2018,8/5/2018,8,32,2018,Aug,31,Aug,2019,July
007/2018,7/29/2018,7,31,2018,Jul,30,Jul,2019,July
007/2018,7/22/2018,7,30,2018,Jul,29,Jul,2019,July
007/2018,7/15/2018,7,29,2018,Jul,28,Jul,2019,July
007/2018,7/8/2018,7,28,2018,Jul,27,Jul,2019,July
007/2018,7/1/2018,7,27,2018,Jul,26,Jul,2019,June
006/2018,6/24/2018,6,26,2018,Jun,25,Jun,2018,June
006/2018,6/17/2018,6,25,2018,Jun,24,Jun,2018,June
006/2018,6/10/2018,6,24,2018,Jun,23,Jun,2018,June
006/2018,6/3/2018,6,23,2018,Jun,22,Jun,2018,May
005/2018,5/27/2018,5,22,2018,May,21,May,2018,May
005/2018,5/20/2018,5,21,2018,May,20,May,2018,May
005/2018,5/13/2018,5,20,2018,May,19,May,2018,May
005/2018,5/6/2018,5,19,2018,May,18,May,2018,April
004/2018,4/29/2018,4,18,2018,Apr,17,Apr,2018,April
004/2018,4/22/2018,4,17,2018,Apr,16,Apr,2018,April
004/2018,4/15/2018,4,16,2018,Apr,15,Apr,2018,April
004/2018,4/8/2018,4,15,2018,Apr,14,Apr,2018,April
004/2018,4/1/2018,4,14,2018,Apr,13,Apr,2018,March
003/2018,3/25/2018,3,13,2018,Mar,12,Mar,2018,March
003/2018,3/18/2018,3,12,2018,Mar,11,Mar,2018,March
003/2018,3/11/2018,3,11,2018,Mar,10,Mar,2018,March
003/2018,3/4/2018,3,10,2018,Mar,9,Mar,2018,February
002/2018,2/25/2018,2,9,2018,Feb,8,Feb,2018,February
002/2018,2/18/2018,2,8,2018,Feb,7,Feb,2018,February
002/2018,2/11/2018,2,7,2018,Feb,6,Feb,2018,February
002/2018,2/4/2018,2,6,2018,Feb,5,Feb,2018,January
001/2018,1/28/2018,1,5,2018,Jan,4,Jan,2018,January
001/2018,1/21/2018,1,4,2018,Jan,3,Jan,2018,January
001/2018,1/14/2018,1,3,2018,Jan,2,Jan,2018,January
001/2018,1/7/2018,1,2,2018,Jan,1,Jan,2018,January
001/2018,12/31/2017,1,1,2018,Jan,53,Dec,2018,December
012/2017,12/24/2017,12,52,2017,Dec,52,Dec,2018,December
012/2017,12/17/2017,12,51,2017,Dec,51,Dec,2018,December
012/2017,12/10/2017,12,50,2017,Dec,50,Dec,2018,December
012/2017,12/3/2017,12,49,2017,Dec,49,Dec,2018,November
011/2017,11/26/2017,11,48,2017,Nov,48,Nov,2018,November
011/2017,11/19/2017,11,47,2017,Nov,47,Nov,2018,November
011/2017,11/12/2017,11,46,2017,Nov,46,Nov,2018,November
011/2017,11/5/2017,11,45,2017,Nov,45,Nov,2018,October
010/2017,10/29/2017,10,44,2017,Oct,44,Oct,2018,October
010/2017,10/22/2017,10,43,2017,Oct,43,Oct,2018,October
010/2017,10/15/2017,10,42,2017,Oct,42,Oct,2018,October
010/2017,10/8/2017,10,41,2017,Oct,41,Oct,2018,October
010/2017,10/1/2017,10,40,2017,Oct,40,Oct,2018,September
009/2017,9/24/2017,9,39,2017,Sep,39,Sep,2018,September
009/2017,9/17/2017,9,38,2017,Sep,38,Sep,2018,September
009/2017,9/10/2017,9,37,2017,Sep,37,Sep,2018,September
009/2017,9/3/2017,9,36,2017,Sep,36,Sep,2018,August
008/2017,8/27/2017,8,35,2017,Aug,35,Aug,2018,August
008/2017,8/20/2017,8,34,2017,Aug,34,Aug,2018,August
008/2017,8/13/2017,8,33,2017,Aug,33,Aug,2018,August
008/2017,8/6/2017,8,32,2017,Aug,32,Aug,2018,July
007/2017,7/30/2017,7,31,2017,Jul,31,Jul,2018,July
007/2017,7/23/2017,7,30,2017,Jul,30,Jul,2018,July
007/2017,7/16/2017,7,29,2017,Jul,29,Jul,2018,July
007/2017,7/9/2017,7,28,2017,Jul,28,Jul,2018,July
007/2017,7/2/2017,7,27,2017,Jul,27,Jul,2018,June
006/2017,6/25/2017,6,26,2017,Jun,26,Jun,2017,June
006/2017,6/18/2017,6,25,2017,Jun,25,Jun,2017,June
006/2017,6/11/2017,6,24,2017,Jun,24,Jun,2017,June
006/2017,6/4/2017,6,23,2017,Jun,23,Jun,2017,May
005/2017,5/28/2017,5,22,2017,May,22,May,2017,May
005/2017,5/21/2017,5,21,2017,May,21,May,2017,May
005/2017,5/14/2017,5,20,2017,May,20,May,2017,May
005/2017,5/7/2017,5,19,2017,May,19,May,2017,April
004/2017,4/30/2017,4,18,2017,Apr,18,Apr,2017,April
004/2017,4/23/2017,4,17,2017,Apr,17,Apr,2017,April
004/2017,4/16/2017,4,16,2017,Apr,16,Apr,2017,April
004/2017,4/9/2017,4,15,2017,Apr,15,Apr,2017,April
004/2017,4/2/2017,4,14,2017,Apr,14,Apr,2017,March
003/2017,3/26/2017,3,13,2017,Mar,13,Mar,2017,March
003/2017,3/19/2017,3,12,2017,Mar,12,Mar,2017,March
003/2017,3/12/2017,3,11,2017,Mar,11,Mar,2017,March
003/2017,3/5/2017,3,10,2017,Mar,10,Mar,2017,February
002/2017,2/26/2017,2,9,2017,Feb,9,Feb,2017,February
002/2017,2/19/2017,2,8,2017,Feb,8,Feb,2017,February
002/2017,2/12/2017,2,7,2017,Feb,7,Feb,2017,February
002/2017,2/5/2017,2,6,2017,Feb,6,Feb,2017,January
001/2017,1/29/2017,1,5,2017,Jan,5,Jan,2017,January
001/2017,1/22/2017,1,4,2017,Jan,4,Jan,2017,January
001/2017,1/15/2017,1,3,2017,Jan,3,Jan,2017,January
001/2017,1/8/2017,1,2,2017,Jan,2,Jan,2017,January
001/2017,1/1/2017,1,1,2017,Jan,1,Jan,2017,January
012/2016,12/25/2016,12,53,2016,Dec,52,Dec,2017,December
012/2016,12/18/2016,12,52,2016,Dec,51,Dec,2017,December
012/2016,12/11/2016,12,51,2016,Dec,50,Dec,2017,December
012/2016,12/4/2016,12,50,2016,Dec,49,Dec,2017,December
012/2016,11/27/2016,11,49,2016,Nov,48,Nov,2017,November
011/2016,11/20/2016,11,48,2016,Nov,47,Nov,2017,November
011/2016,11/13/2016,11,47,2016,Nov,46,Nov,2017,November
011/2016,11/6/2016,11,46,2016,Nov,45,Nov,2017,November
011/2016,10/30/2016,10,45,2016,Oct,44,Oct,2017,October
010/2016,10/23/2016,10,44,2016,Oct,43,Oct,2017,October
010/2016,10/16/2016,10,43,2016,Oct,42,Oct,2017,October
010/2016,10/9/2016,10,42,2016,Oct,41,Oct,2017,October
010/2016,10/2/2016,10,41,2016,Oct,40,Oct,2017,October
010/2016,9/25/2016,9,40,2016,Sep,39,Sep,2017,September
009/2016,9/18/2016,9,39,2016,Sep,38,Sep,2017,September
009/2016,9/11/2016,9,38,2016,Sep,37,Sep,2017,September
009/2016,9/4/2016,9,37,2016,Sep,36,Sep,2017,September
009/2016,8/28/2016,8,36,2016,Aug,35,Aug,2017,August
008/2016,8/21/2016,8,35,2016,Aug,34,Aug,2017,August
008/2016,8/14/2016,8,34,2016,Aug,33,Aug,2017,August
008/2016,8/7/2016,8,33,2016,Aug,32,Aug,2017,August
008/2016,7/31/2016,7,32,2016,Jul,31,Jul,2017,July
007/2016,7/24/2016,7,31,2016,Jul,30,Jul,2017,July
007/2016,7/17/2016,7,30,2016,Jul,29,Jul,2017,July
007/2016,7/10/2016,7,29,2016,Jul,28,Jul,2017,July
007/2016,7/3/2016,7,28,2016,Jul,27,Jul,2017,July
007/2016,6/26/2016,6,27,2016,Jun,26,Jun,2016,June
006/2016,6/19/2016,6,26,2016,Jun,25,Jun,2016,June
006/2016,6/12/2016,6,25,2016,Jun,24,Jun,2016,June
006/2016,6/5/2016,6,24,2016,Jun,23,Jun,2016,June
006/2016,5/29/2016,6,23,2016,Jun,22,May,2016,June
005/2016,5/22/2016,5,22,2016,May,21,May,2016,May
005/2016,5/15/2016,5,21,2016,May,20,May,2016,May
005/2016,5/8/2016,5,20,2016,May,19,May,2016,May
005/2016,5/1/2016,5,19,2016,May,18,May,2016,May
004/2016,4/24/2016,4,18,2016,Apr,17,Apr,2016,April
004/2016,4/17/2016,4,17,2016,Apr,16,Apr,2016,April
004/2016,4/10/2016,4,16,2016,Apr,15,Apr,2016,April
004/2016,4/3/2016,4,15,2016,Apr,14,Apr,2016,April
004/2016,3/27/2016,4,14,2016,Apr,13,Mar,2016,April
003/2016,3/20/2016,3,13,2016,Mar,12,Mar,2016,March
003/2016,3/13/2016,3,12,2016,Mar,11,Mar,2016,March
003/2016,3/6/2016,3,11,2016,Mar,10,Mar,2016,March
003/2016,2/28/2016,3,10,2016,Mar,9,Feb,2016,March
002/2016,2/21/2016,2,9,2016,Feb,8,Feb,2016,February
002/2016,2/14/2016,2,8,2016,Feb,7,Feb,2016,February
002/2016,2/7/2016,2,7,2016,Feb,6,Feb,2016,February
002/2016,1/31/2016,2,6,2016,Feb,5,Jan,2016,February
001/2016,1/24/2016,1,5,2016,Jan,4,Jan,2016,January
001/2016,1/17/2016,1,4,2016,Jan,3,Jan,2016,January
001/2016,1/10/2016,1,3,2016,Jan,2,Jan,2016,January
001/2016,1/3/2016,1,2,2016,Jan,1,Jan,2016,January
001/2016,12/27/2015,1,1,2016,Jan,52,Dec,2016,January
012/2015,12/20/2015,12,52,2015,Dec,51,Dec,2016,December
012/2015,12/13/2015,12,51,2015,Dec,50,Dec,2016,December
012/2015,12/6/2015,12,50,2015,Dec,49,Dec,2016,December
012/2015,11/29/2015,12,49,2015,Dec,48,Nov,2016,December
011/2015,11/22/2015,11,48,2015,Nov,47,Nov,2016,November
011/2015,11/15/2015,11,47,2015,Nov,46,Nov,2016,November
011/2015,11/8/2015,11,46,2015,Nov,45,Nov,2016,November
011/2015,11/1/2015,11,45,2015,Nov,44,Nov,2016,November
010/2015,10/25/2015,10,44,2015,Oct,43,Oct,2016,October
010/2015,10/18/2015,10,43,2015,Oct,42,Oct,2016,October
010/2015,10/11/2015,10,42,2015,Oct,41,Oct,2016,October
010/2015,10/4/2015,10,41,2015,Oct,40,Oct,2016,October
010/2015,9/27/2015,10,40,2015,Oct,39,Sep,2016,October
009/2015,9/20/2015,9,39,2015,Sep,38,Sep,2016,September
009/2015,9/13/2015,9,38,2015,Sep,37,Sep,2016,September
009/2015,9/6/2015,9,37,2015,Sep,36,Sep,2016,September
009/2015,8/30/2015,9,36,2015,Sep,35,Aug,2016,September
008/2015,8/23/2015,8,35,2015,Aug,34,Aug,2016,August
008/2015,8/16/2015,8,34,2015,Aug,33,Aug,2016,August
008/2015,8/9/2015,8,33,2015,Aug,32,Aug,2016,August
008/2015,8/2/2015,8,32,2015,Aug,31,Aug,2016,August
007/2015,7/26/2015,7,31,2015,Jul,30,Jul,2016,July
007/2015,7/19/2015,7,30,2015,Jul,29,Jul,2016,July
007/2015,7/12/2015,7,29,2015,Jul,28,Jul,2016,July
007/2015,7/5/2015,7,28,2015,Jul,27,Jul,2016,July
007/2015,6/28/2015,7,27,2015,Jul,26,Jul,2015,July
006/2015,6/21/2015,6,26,2015,Jun,25,Jun,2015,June
006/2015,6/14/2015,6,25,2015,Jun,24,Jun,2015,June
006/2015,6/7/2015,6,24,2015,Jun,23,Jun,2015,June
006/2015,5/31/2015,6,23,2015,Jun,22,Jun,2015,June
005/2015,5/24/2015,5,22,2015,May,21,May,2015,May
005/2015,5/17/2015,5,21,2015,May,20,May,2015,May
005/2015,5/10/2015,5,20,2015,May,19,May,2015,May
005/2015,5/3/2015,5,19,2015,May,18,May,2015,May
004/2015,4/26/2015,4,18,2015,Apr,17,Apr,2015,April
004/2015,4/19/2015,4,17,2015,Apr,16,Apr,2015,April
004/2015,4/12/2015,4,16,2015,Apr,15,Apr,2015,April
004/2015,4/5/2015,4,15,2015,Apr,14,Apr,2015,April
004/2015,3/29/2015,4,14,2015,Apr,13,Mar,2015,April
003/2015,3/22/2015,3,13,2015,Mar,12,Mar,2015,March
003/2015,3/15/2015,3,12,2015,Mar,11,Mar,2015,March
003/2015,3/8/2015,3,11,2015,Mar,10,Mar,2015,March
003/2015,3/1/2015,3,10,2015,Mar,9,Mar,2015,March
002/2015,2/22/2015,2,9,2015,Feb,8,Feb,2015,February
002/2015,2/15/2015,2,8,2015,Feb,7,Feb,2015,February
002/2015,2/8/2015,2,7,2015,Feb,6,Feb,2015,February
002/2015,2/1/2015,2,6,2015,Feb,5,Feb,2015,February
001/2015,1/25/2015,1,5,2015,Jan,4,Jan,2015,January
001/2015,1/18/2015,1,4,2015,Jan,3,Jan,2015,January
001/2015,1/11/2015,1,3,2015,Jan,2,Jan,2015,January
001/2015,1/4/2015,1,2,2015,Jan,1,Jan,2015,January
001/2015,12/28/2014,1,1,2015,Jan,52,Dec,2015,January
012/2014,12/21/2014,12,52,2014,Dec,51,Dec,2015,December
012/2014,12/14/2014,12,51,2014,Dec,50,Dec,2015,December
012/2014,12/7/2014,12,50,2014,Dec,49,Dec,2015,December
012/2014,11/30/2014,12,49,2014,Dec,48,Nov,2015,December
011/2014,11/23/2014,11,48,2014,Nov,47,Nov,2015,November
011/2014,11/16/2014,11,47,2014,Nov,46,Nov,2015,November
011/2014,11/9/2014,11,46,2014,Nov,45,Nov,2015,November
011/2014,11/2/2014,11,45,2014,Nov,44,Nov,2015,November
010/2014,10/26/2014,10,44,2014,Oct,43,Oct,2015,October
010/2014,10/19/2014,10,43,2014,Oct,42,Oct,2015,October
010/2014,10/12/2014,10,42,2014,Oct,41,Oct,2015,October
010/2014,10/5/2014,10,41,2014,Oct,40,Oct,2015,October
010/2014,9/28/2014,10,40,2014,Oct,39,Sep,2015,October
009/2014,9/21/2014,9,39,2014,Sep,38,Sep,2015,September
009/2014,9/14/2014,9,38,2014,Sep,37,Sep,2015,September
009/2014,9/7/2014,9,37,2014,Sep,36,Sep,2015,September
009/2014,8/31/2014,9,36,2014,Sep,35,Aug,2015,September
008/2014,8/24/2014,8,35,2014,Aug,34,Aug,2015,August
008/2014,8/17/2014,8,34,2014,Aug,33,Aug,2015,August
008/2014,8/10/2014,8,33,2014,Aug,32,Aug,2015,August
008/2014,8/3/2014,8,32,2014,Aug,31,Aug,2015,August
007/2014,7/27/2014,7,31,2014,Jul,30,Jul,2015,July
007/2014,7/20/2014,7,30,2014,Jul,29,Jul,2015,July
007/2014,7/13/2014,7,29,2014,Jul,28,Jul,2015,July
007/2014,7/6/2014,7,28,2014,Jul,27,Jul,2015,July
007/2014,6/29/2014,7,27,2014,Jul,26,Jun,2014,July
006/2014,6/22/2014,6,26,2014,Jun,25,Jun,2014,June
006/2014,6/15/2014,6,25,2014,Jun,24,Jun,2014,June
006/2014,6/8/2014,6,24,2014,Jun,23,Jun,2014,June
006/2014,6/1/2014,6,23,2014,Jun,22,Jun,2014,June
005/2014,5/25/2014,5,22,2014,May,21,May,2014,May
005/2014,5/18/2014,5,21,2014,May,20,May,2014,May
005/2014,5/11/2014,5,20,2014,May,19,May,2014,May
005/2014,5/4/2014,5,19,2014,May,18,May,2014,May
004/2014,4/27/2014,4,18,2014,Apr,17,Apr,2014,April
004/2014,4/20/2014,4,17,2014,Apr,16,Apr,2014,April
004/2014,4/13/2014,4,16,2014,Apr,15,Apr,2014,April
004/2014,4/6/2014,4,15,2014,Apr,14,Apr,2014,April
004/2014,3/30/2014,4,14,2014,Apr,13,Mar,2014,April
003/2014,3/23/2014,3,13,2014,Mar,12,Mar,2014,March
003/2014,3/16/2014,3,12,2014,Mar,11,Mar,2014,March
003/2014,3/9/2014,3,11,2014,Mar,10,Mar,2014,March
003/2014,3/2/2014,3,10,2014,Mar,9,Mar,2014,March
002/2014,2/23/2014,2,9,2014,Feb,8,Feb,2014,February
002/2014,2/16/2014,2,8,2014,Feb,7,Feb,2014,February
002/2014,2/9/2014,2,7,2014,Feb,6,Feb,2014,February
002/2014,2/2/2014,2,6,2014,Feb,5,Feb,2014,February
001/2014,1/26/2014,1,5,2014,Jan,4,Jan,2014,January
001/2014,1/19/2014,1,4,2014,Jan,3,Jan,2014,January
001/2014,1/12/2014,1,3,2014,Jan,2,Jan,2014,January
001/2014,1/5/2014,1,2,2014,Jan,1,Jan,2014,January
001/2014,12/29/2013,1,1,2014,Jan,52,Dec,2014,January
012/2013,12/22/2013,12,52,2013,Dec,51,Dec,2014,December
012/2013,12/15/2013,12,51,2013,Dec,50,Dec,2014,December
012/2013,12/8/2013,12,50,2013,Dec,49,Dec,2014,December
012/2013,12/1/2013,12,49,2013,Dec,48,Dec,2014,December
011/2013,11/24/2013,11,48,2013,Nov,47,Nov,2014,November
011/2013,11/17/2013,11,47,2013,Nov,46,Nov,2014,November
011/2013,11/10/2013,11,46,2013,Nov,45,Nov,2014,November
011/2013,11/3/2013,11,45,2013,Nov,44,Nov,2014,November
010/2013,10/27/2013,10,44,2013,Oct,43,Oct,2014,October
010/2013,10/20/2013,10,43,2013,Oct,42,Oct,2014,October
010/2013,10/13/2013,10,42,2013,Oct,41,Oct,2014,October
010/2013,10/6/2013,10,41,2013,Oct,40,Oct,2014,October
010/2013,9/29/2013,10,40,2013,Oct,39,Sep,2014,October
009/2013,9/22/2013,9,39,2013,Sep,38,Sep,2014,September
009/2013,9/15/2013,9,38,2013,Sep,37,Sep,2014,September
009/2013,9/8/2013,9,37,2013,Sep,36,Sep,2014,September
009/2013,9/1/2013,9,36,2013,Sep,35,Sep,2014,September
008/2013,8/25/2013,8,35,2013,Aug,34,Aug,2014,August
008/2013,8/18/2013,8,34,2013,Aug,33,Aug,2014,August
008/2013,8/11/2013,8,33,2013,Aug,32,Aug,2014,August
008/2013,8/4/2013,8,32,2013,Aug,31,Aug,2014,August
007/2013,7/28/2013,7,31,2013,Jul,30,Jul,2014,July
007/2013,7/21/2013,7,30,2013,Jul,29,Jul,2014,July
007/2013,7/14/2013,7,29,2013,Jul,28,Jul,2014,July
007/2013,7/7/2013,7,28,2013,Jul,27,Jul,2014,July
007/2013,6/30/2013,7,27,2013,Jul,26,Jun,2013,July
006/2013,6/23/2013,6,26,2013,Jun,25,Jun,2013,June
006/2013,6/16/2013,6,25,2013,Jun,24,Jun,2013,June
006/2013,6/9/2013,6,24,2013,Jun,23,Jun,2013,June
006/2013,6/2/2013,6,23,2013,Jun,22,Jun,2013,June
005/2013,5/26/2013,5,22,2013,May,21,May,2013,May
005/2013,5/19/2013,5,21,2013,May,20,May,2013,May
005/2013,5/12/2013,5,20,2013,May,19,May,2013,May
005/2013,5/5/2013,5,19,2013,May,18,May,2013,May
004/2013,4/28/2013,4,18,2013,Apr,17,Apr,2013,April
004/2013,4/21/2013,4,17,2013,Apr,16,Apr,2013,April
004/2013,4/14/2013,4,16,2013,Apr,15,Apr,2013,April
004/2013,4/7/2013,4,15,2013,Apr,14,Apr,2013,April
004/2013,3/31/2013,4,14,2013,Apr,13,Mar,2013,April
003/2013,3/24/2013,3,13,2013,Mar,12,Mar,2013,March
003/2013,3/17/2013,3,12,2013,Mar,11,Mar,2013,March
003/2013,3/10/2013,3,11,2013,Mar,10,Mar,2013,March
003/2013,3/3/2013,3,10,2013,Mar,9,Mar,2013,March
002/2013,2/24/2013,2,9,2013,Feb,8,Feb,2013,February
002/2013,2/17/2013,2,8,2013,Feb,7,Feb,2013,February
002/2013,2/10/2013,2,7,2013,Feb,6,Feb,2013,February
002/2013,2/3/2013,2,6,2013,Feb,5,Feb,2013,February
001/2013,1/27/2013,1,5,2013,Jan,4,Jan,2013,January
001/2013,1/20/2013,1,4,2013,Jan,3,Jan,2013,January
001/2013,1/13/2013,1,3,2013,Jan,2,Jan,2013,January
001/2013,1/6/2013,1,2,2013,Jan,1,Jan,2013,January
001/2013,12/30/2012,1,1,2013,Jan,53,Dec,2013,January
012/2012,12/23/2012,12,52,2012,Dec,52,Dec,2013,December
012/2012,12/16/2012,12,51,2012,Dec,51,Dec,2013,December
012/2012,12/9/2012,12,50,2012,Dec,50,Dec,2013,December
012/2012,12/2/2012,12,49,2012,Dec,49,Dec,2013,December
011/2012,11/25/2012,11,48,2012,Nov,48,Nov,2013,November
011/2012,11/18/2012,11,47,2012,Nov,47,Nov,2013,November
011/2012,11/11/2012,11,46,2012,Nov,46,Nov,2013,November
011/2012,11/4/2012,11,45,2012,Nov,45,Nov,2013,November
010/2012,10/28/2012,10,44,2012,Oct,44,Oct,2013,October
010/2012,10/21/2012,10,43,2012,Oct,43,Oct,2013,October
010/2012,10/14/2012,10,42,2012,Oct,42,Oct,2013,October
010/2012,10/7/2012,10,41,2012,Oct,41,Oct,2013,October
010/2012,9/30/2012,10,40,2012,Oct,40,Sep,2013,October
009/2012,9/23/2012,9,39,2012,Sep,39,Sep,2013,September
009/2012,9/16/2012,9,38,2012,Sep,38,Sep,2013,September
009/2012,9/9/2012,9,37,2012,Sep,37,Sep,2013,September
009/2012,9/2/2012,9,36,2012,Sep,36,Sep,2013,September
008/2012,8/26/2012,8,35,2012,Aug,35,Aug,2013,August
008/2012,8/19/2012,8,34,2012,Aug,34,Aug,2013,August
008/2012,8/12/2012,8,33,2012,Aug,33,Aug,2013,August
008/2012,8/5/2012,8,32,2012,Aug,32,Aug,2013,August
007/2012,7/29/2012,7,31,2012,Jul,31,Jul,2013,July
007/2012,7/22/2012,7,30,2012,Jul,30,Jul,2013,July
007/2012,7/15/2012,7,29,2012,Jul,29,Jul,2013,July
007/2012,7/8/2012,7,28,2012,Jul,28,Jul,2013,July
007/2012,7/1/2012,7,27,2012,Jul,27,Jul,2013,July
006/2012,6/24/2012,6,26,2012,Jun,26,Jun,2012,June
006/2012,6/17/2012,6,25,2012,Jun,25,Jun,2012,June
006/2012,6/10/2012,6,24,2012,Jun,24,Jun,2012,June
006/2012,6/3/2012,6,23,2012,Jun,23,Jun,2012,June
005/2012,5/27/2012,5,22,2012,May,22,May,2012,May
005/2012,5/20/2012,5,21,2012,May,21,May,2012,May
005/2012,5/13/2012,5,20,2012,May,20,May,2012,May
005/2012,5/6/2012,5,19,2012,May,19,May,2012,May
004/2012,4/29/2012,4,18,2012,Apr,18,Apr,2012,April
004/2012,4/22/2012,4,17,2012,Apr,17,Apr,2012,April
004/2012,4/15/2012,4,16,2012,Apr,16,Apr,2012,April
004/2012,4/8/2012,4,15,2012,Apr,15,Apr,2012,April
004/2012,4/1/2012,4,14,2012,Apr,14,Apr,2012,April
003/2012,3/25/2012,3,13,2012,Mar,13,Mar,2012,March
003/2012,3/18/2012,3,12,2012,Mar,12,Mar,2012,March
003/2012,3/11/2012,3,11,2012,Mar,11,Mar,2012,March
003/2012,3/4/2012,3,10,2012,Mar,10,Mar,2012,March
002/2012,2/26/2012,2,9,2012,Feb,9,Feb,2012,February
002/2012,2/19/2012,2,8,2012,Feb,8,Feb,2012,February
002/2012,2/12/2012,2,7,2012,Feb,7,Feb,2012,February
002/2012,2/5/2012,2,6,2012,Feb,6,Feb,2012,February
001/2012,1/29/2012,1,5,2012,Jan,5,Jan,2012,January
001/2012,1/22/2012,1,4,2012,Jan,4,Jan,2012,January
001/2012,1/15/2012,1,3,2012,Jan,3,Jan,2012,January
001/2012,1/8/2012,1,2,2012,Jan,2,Jan,2012,January
001/2012,1/1/2012,1,1,2012,Jan,1,Jan,2012,January
012/2011,12/25/2011,12,52,2011,Dec,52,Dec,2012,December
012/2011,12/18/2011,12,51,2011,Dec,51,Dec,2012,December
012/2011,12/11/2011,12,50,2011,Dec,50,Dec,2012,December
012/2011,12/4/2011,12,49,2011,Dec,49,Dec,2012,December
011/2011,11/27/2011,11,48,2011,Nov,48,Nov,2012,November
011/2011,11/20/2011,11,47,2011,Nov,47,Nov,2012,November
011/2011,11/13/2011,11,46,2011,Nov,46,Nov,2012,November
011/2011,11/6/2011,11,45,2011,Nov,45,Nov,2012,November
010/2011,10/30/2011,10,44,2011,Oct,44,Oct,2012,October
010/2011,10/23/2011,10,43,2011,Oct,43,Oct,2012,October
010/2011,10/16/2011,10,42,2011,Oct,42,Oct,2012,October
010/2011,10/9/2011,10,41,2011,Oct,41,Oct,2012,October
010/2011,10/2/2011,10,40,2011,Oct,40,Oct,2012,October
009/2011,9/25/2011,9,39,2011,Sep,39,Sep,2012,September
009/2011,9/18/2011,9,38,2011,Sep,38,Sep,2012,September
009/2011,9/11/2011,9,37,2011,Sep,37,Sep,2012,September
009/2011,9/4/2011,9,36,2011,Sep,36,Sep,2012,September
008/2011,8/28/2011,8,35,2011,Aug,35,Aug,2012,August
008/2011,8/21/2011,8,34,2011,Aug,34,Aug,2012,August
008/2011,8/14/2011,8,33,2011,Aug,33,Aug,2012,August
008/2011,8/7/2011,8,32,2011,Aug,32,Aug,2012,August
007/2011,7/31/2011,7,31,2011,Jul,31,Jul,2012,July
007/2011,7/24/2011,7,30,2011,Jul,30,Jul,2012,July
007/2011,7/17/2011,7,29,2011,Jul,29,Jul,2012,July
007/2011,7/10/2011,7,28,2011,Jul,28,Jul,2012,July
007/2011,7/3/2011,7,27,2011,Jul,27,Jul,2012,July
006/2011,6/26/2011,6,26,2011,Jun,26,Jun,2011,June
006/2011,6/19/2011,6,25,2011,Jun,25,Jun,2011,June
006/2011,6/12/2011,6,24,2011,Jun,24,Jun,2011,June
006/2011,6/5/2011,6,23,2011,Jun,23,Jun,2011,June
005/2011,5/29/2011,5,22,2011,May,22,May,2011,May
005/2011,5/22/2011,5,21,2011,May,21,May,2011,May
005/2011,5/15/2011,5,20,2011,May,20,May,2011,May
005/2011,5/8/2011,5,19,2011,May,19,May,2011,May
004/2011,5/1/2011,4,18,2011,Apr,18,May,2011,April
004/2011,4/24/2011,4,17,2011,Apr,17,Apr,2011,April
004/2011,4/17/2011,4,16,2011,Apr,16,Apr,2011,April
004/2011,4/10/2011,4,15,2011,Apr,15,Apr,2011,April
004/2011,4/3/2011,4,14,2011,Apr,14,Apr,2011,April
003/2011,3/27/2011,3,13,2011,Mar,13,Mar,2011,March
003/2011,3/20/2011,3,12,2011,Mar,12,Mar,2011,March
003/2011,3/13/2011,3,11,2011,Mar,11,Mar,2011,March
003/2011,3/6/2011,3,10,2011,Mar,10,Mar,2011,March
002/2011,2/27/2011,2,9,2011,Feb,9,Feb,2011,February
002/2011,2/20/2011,2,8,2011,Feb,8,Feb,2011,February
002/2011,2/13/2011,2,7,2011,Feb,7,Feb,2011,February
002/2011,2/6/2011,2,6,2011,Feb,6,Feb,2011,February
001/2011,1/30/2011,1,5,2011,Jan,5,Jan,2011,January
001/2011,1/23/2011,1,4,2011,Jan,4,Jan,2011,January
001/2011,1/16/2011,1,3,2011,Jan,3,Jan,2011,January
001/2011,1/9/2011,1,2,2011,Jan,2,Jan,2011,January
001/2011,1/2/2011,1,1,2011,Jan,1,Jan,2011,January
012/2010,12/26/2010,12,53,2010,Dec,52,Dec,2011,December
012/2010,12/19/2010,12,52,2010,Dec,51,Dec,2011,December
012/2010,12/12/2010,12,51,2010,Dec,50,Dec,2011,December
012/2010,12/5/2010,12,50,2010,Dec,49,Dec,2011,December
012/2010,11/28/2010,12,49,2010,Dec,48,Nov,2011,December
011/2010,11/21/2010,11,48,2010,Nov,47,Nov,2011,November
011/2010,11/14/2010,11,47,2010,Nov,46,Nov,2011,November
011/2010,11/7/2010,11,46,2010,Nov,45,Nov,2011,November
011/2010,10/31/2010,11,45,2010,Nov,44,Oct,2011,November
010/2010,10/24/2010,10,44,2010,Oct,43,Oct,2011,October
010/2010,10/17/2010,10,43,2010,Oct,42,Oct,2011,October
010/2010,10/10/2010,10,42,2010,Oct,41,Oct,2011,October
010/2010,10/3/2010,10,41,2010,Oct,40,Oct,2011,October
010/2010,9/26/2010,10,40,2010,Oct,39,Sep,2011,October
009/2010,9/19/2010,9,39,2010,Sep,38,Sep,2011,September
009/2010,9/12/2010,9,38,2010,Sep,37,Sep,2011,September
009/2010,9/5/2010,9,37,2010,Sep,36,Sep,2011,September
009/2010,8/29/2010,9,36,2010,Sep,35,Aug,2011,September
008/2010,8/22/2010,8,35,2010,Aug,34,Aug,2011,August
008/2010,8/15/2010,8,34,2010,Aug,33,Aug,2011,August
008/2010,8/8/2010,8,33,2010,Aug,32,Aug,2011,August
008/2010,8/1/2010,8,32,2010,Aug,31,Aug,2011,August
007/2010,7/25/2010,7,31,2010,Jul,30,Jul,2011,July
007/2010,7/18/2010,7,30,2010,Jul,29,Jul,2011,July
007/2010,7/11/2010,7,29,2010,Jul,28,Jul,2011,July
007/2010,7/4/2010,7,28,2010,Jul,27,Jul,2011,July
007/2010,6/27/2010,7,27,2010,Jul,26,Jun,2010,July
006/2010,6/20/2010,6,26,2010,Jun,25,Jun,2010,June
006/2010,6/13/2010,6,25,2010,Jun,24,Jun,2010,June
006/2010,6/6/2010,6,24,2010,Jun,23,Jun,2010,June
006/2010,5/30/2010,6,23,2010,Jun,22,May,2010,June
005/2010,5/23/2010,5,22,2010,May,21,May,2010,May
005/2010,5/16/2010,5,21,2010,May,20,May,2010,May
005/2010,5/9/2010,5,20,2010,May,19,May,2010,May
005/2010,5/2/2010,5,19,2010,May,18,May,2010,May
004/2010,4/25/2010,4,18,2010,Apr,17,Apr,2010,April
004/2010,4/18/2010,4,17,2010,Apr,16,Apr,2010,April
004/2010,4/11/2010,4,16,2010,Apr,15,Apr,2010,April
004/2010,4/4/2010,4,15,2010,Apr,14,Apr,2010,April
004/2010,3/28/2010,4,14,2010,Apr,13,Mar,2010,April
003/2010,3/21/2010,3,13,2010,Mar,12,Mar,2010,March
003/2010,3/14/2010,3,12,2010,Mar,11,Mar,2010,March
003/2010,3/7/2010,3,11,2010,Mar,10,Mar,2010,March
003/2010,2/28/2010,3,10,2010,Mar,9,Feb,2010,March
002/2010,2/21/2010,2,9,2010,Feb,8,Feb,2010,February
002/2010,2/14/2010,2,8,2010,Feb,7,Feb,2010,February
002/2010,2/7/2010,2,7,2010,Feb,6,Feb,2010,February
002/2010,1/31/2010,2,6,2010,Feb,5,Jan,2010,February
001/2010,1/24/2010,1,5,2010,Jan,4,Jan,2010,January
001/2010,1/17/2010,1,4,2010,Jan,3,Jan,2010,January
001/2010,1/10/2010,1,3,2010,Jan,2,Jan,2010,January
001/2010,1/3/2010,1,2,2010,Jan,1,Jan,2010,January
001/2010,12/27/2009,1,1,2010,Jan,52,Dec,2010,January
012/2009,12/20/2009,12,52,2009,Dec,51,Dec,2010,December
012/2009,12/13/2009,12,51,2009,Dec,50,Dec,2010,December
012/2009,12/6/2009,12,50,2009,Dec,49,Dec,2010,December
012/2009,11/29/2009,12,49,2009,Dec,48,Nov,2010,December
011/2009,11/22/2009,11,48,2009,Nov,47,Nov,2010,November
011/2009,11/15/2009,11,47,2009,Nov,46,Nov,2010,November
011/2009,11/8/2009,11,46,2009,Nov,45,Nov,2010,November
011/2009,11/1/2009,11,45,2009,Nov,44,Nov,2010,November
010/2009,10/25/2009,10,44,2009,Oct,43,Oct,2010,October
010/2009,10/18/2009,10,43,2009,Oct,42,Oct,2010,October
010/2009,10/11/2009,10,42,2009,Oct,41,Oct,2010,October
010/2009,10/4/2009,10,41,2009,Oct,40,Oct,2010,October
010/2009,9/27/2009,10,40,2009,Oct,39,Sep,2010,October
009/2009,9/20/2009,9,39,2009,Sep,38,Sep,2010,September
009/2009,9/13/2009,9,38,2009,Sep,37,Sep,2010,September
009/2009,9/6/2009,9,37,2009,Sep,36,Sep,2010,September
009/2009,8/30/2009,9,36,2009,Sep,35,Aug,2010,September
008/2009,8/23/2009,8,35,2009,Aug,34,Aug,2010,August
008/2009,8/16/2009,8,34,2009,Aug,33,Aug,2010,August
008/2009,8/9/2009,8,33,2009,Aug,32,Aug,2010,August
008/2009,8/2/2009,8,32,2009,Aug,31,Aug,2010,August
007/2009,7/26/2009,7,31,2009,Jul,30,Jul,2010,July
007/2009,7/19/2009,7,30,2009,Jul,29,Jul,2010,July
007/2009,7/12/2009,7,29,2009,Jul,28,Jul,2010,July
007/2009,7/5/2009,7,28,2009,Jul,27,Jul,2010,July
007/2009,6/28/2009,7,27,2009,Jul,26,Jun,2009,July
006/2009,6/21/2009,6,26,2009,Jun,25,Jun,2009,June
006/2009,6/14/2009,6,25,2009,Jun,24,Jun,2009,June
006/2009,6/7/2009,6,24,2009,Jun,23,Jun,2009,June
006/2009,5/31/2009,6,23,2009,Jun,22,May,2009,June
005/2009,5/24/2009,5,22,2009,May,21,May,2009,May
005/2009,5/17/2009,5,21,2009,May,20,May,2009,May
005/2009,5/10/2009,5,20,2009,May,19,May,2009,May
005/2009,5/3/2009,5,19,2009,May,18,May,2009,May
004/2009,4/26/2009,4,18,2009,Apr,17,Apr,2009,April
004/2009,4/19/2009,4,17,2009,Apr,16,Apr,2009,April
004/2009,4/12/2009,4,16,2009,Apr,15,Apr,2009,April
004/2009,4/5/2009,4,15,2009,Apr,14,Apr,2009,April
004/2009,3/29/2009,4,14,2009,Apr,13,Mar,2009,April
003/2009,3/22/2009,3,13,2009,Mar,12,Mar,2009,March
003/2009,3/15/2009,3,12,2009,Mar,11,Mar,2009,March
003/2009,3/8/2009,3,11,2009,Mar,10,Mar,2009,March
003/2009,3/1/2009,3,10,2009,Mar,9,Mar,2009,March
002/2009,2/22/2009,2,9,2009,Feb,8,Feb,2009,February
002/2009,2/15/2009,2,8,2009,Feb,7,Feb,2009,February
002/2009,2/8/2009,2,7,2009,Feb,6,Feb,2009,February
002/2009,2/1/2009,2,6,2009,Feb,5,Feb,2009,February
001/2009,1/25/2009,1,5,2009,Jan,4,Jan,2009,January
001/2009,1/18/2009,1,4,2009,Jan,3,Jan,2009,January
001/2009,1/11/2009,1,3,2009,Jan,2,Jan,2009,January
001/2009,1/4/2009,1,2,2009,Jan,1,Jan,2009,January
001/2009,12/28/2008,1,1,2009,Jan,52,Dec,2009,January
012/2008,12/21/2008,12,52,2008,Dec,51,Dec,2009,December
012/2008,12/14/2008,12,51,2008,Dec,50,Dec,2009,December
012/2008,12/7/2008,12,50,2008,Dec,49,Dec,2009,December
012/2008,11/30/2008,12,49,2008,Dec,48,Nov,2009,December
011/2008,11/23/2008,11,48,2008,Nov,47,Nov,2009,November
011/2008,11/16/2008,11,47,2008,Nov,46,Nov,2009,November
011/2008,11/9/2008,11,46,2008,Nov,45,Nov,2009,November
011/2008,11/2/2008,11,45,2008,Nov,44,Nov,2009,November
010/2008,10/26/2008,10,44,2008,Oct,43,Oct,2009,October
010/2008,10/19/2008,10,43,2008,Oct,42,Oct,2009,October
010/2008,10/12/2008,10,42,2008,Oct,41,Oct,2009,October
010/2008,10/5/2008,10,41,2008,Oct,40,Oct,2009,October
010/2008,9/28/2008,10,40,2008,Oct,39,Sep,2009,October
009/2008,9/21/2008,9,39,2008,Sep,38,Sep,2009,September
009/2008,9/14/2008,9,38,2008,Sep,37,Sep,2009,September
009/2008,9/7/2008,9,37,2008,Sep,36,Sep,2009,September
009/2008,8/31/2008,9,36,2008,Sep,35,Aug,2009,September
008/2008,8/24/2008,8,35,2008,Aug,34,Aug,2009,August
008/2008,8/17/2008,8,34,2008,Aug,33,Aug,2009,August
008/2008,8/10/2008,8,33,2008,Aug,32,Aug,2009,August
008/2008,8/3/2008,8,32,2008,Aug,31,Aug,2009,August
007/2008,7/27/2008,7,31,2008,Jul,30,Jul,2009,July
007/2008,7/20/2008,7,30,2008,Jul,29,Jul,2009,July
007/2008,7/13/2008,7,29,2008,Jul,28,Jul,2009,July
007/2008,7/6/2008,7,28,2008,Jul,27,Jul,2009,July
007/2008,6/29/2008,7,27,2008,Jul,26,Jun,2008,July
006/2008,6/22/2008,6,26,2008,Jun,25,Jun,2008,June
006/2008,6/15/2008,6,25,2008,Jun,24,Jun,2008,June
006/2008,6/8/2008,6,24,2008,Jun,23,Jun,2008,June
006/2008,6/1/2008,6,23,2008,Jun,22,Jun,2008,June
005/2008,5/25/2008,5,22,2008,May,21,May,2008,May
005/2008,5/18/2008,5,21,2008,May,20,May,2008,May
005/2008,5/11/2008,5,20,2008,May,19,May,2008,May
005/2008,5/4/2008,5,19,2008,May,18,May,2008,May
004/2008,4/27/2008,4,18,2008,Apr,17,Apr,2008,April
004/2008,4/20/2008,4,17,2008,Apr,16,Apr,2008,April
004/2008,4/13/2008,4,16,2008,Apr,15,Apr,2008,April
004/2008,4/6/2008,4,15,2008,Apr,14,Apr,2008,April
004/2008,3/30/2008,4,14,2008,Apr,13,Mar,2008,April
003/2008,3/23/2008,3,13,2008,Mar,12,Mar,2008,March
003/2008,3/16/2008,3,12,2008,Mar,11,Mar,2008,March
003/2008,3/9/2008,3,11,2008,Mar,10,Mar,2008,March
003/2008,3/2/2008,3,10,2008,Mar,9,Mar,2008,March
002/2008,2/24/2008,2,9,2008,Feb,8,Feb,2008,February
002/2008,2/17/2008,2,8,2008,Feb,7,Feb,2008,February
002/2008,2/10/2008,2,7,2008,Feb,6,Feb,2008,February
002/2008,2/3/2008,2,6,2008,Feb,5,Feb,2008,February
001/2008,1/27/2008,1,5,2008,Jan,4,Jan,2008,January
001/2008,1/20/2008,1,4,2008,Jan,3,Jan,2008,January
001/2008,1/13/2008,1,3,2008,Jan,2,Jan,2008,January
001/2008,1/6/2008,1,2,2008,Jan,1,Jan,2008,January
001/2008,12/30/2007,1,1,2008,Jan,52,Dec,2008,January
012/2007,12/23/2007,12,52,2007,Dec,51,Dec,2008,December
012/2007,12/16/2007,12,51,2007,Dec,50,Dec,2008,December
012/2007,12/9/2007,12,50,2007,Dec,49,Dec,2008,December
012/2007,12/2/2007,12,49,2007,Dec,48,Dec,2008,December
011/2007,11/25/2007,11,48,2007,Nov,47,Nov,2008,November
011/2007,11/18/2007,11,47,2007,Nov,46,Nov,2008,November
011/2007,11/11/2007,11,46,2007,Nov,45,Nov,2008,November
011/2007,11/4/2007,11,45,2007,Nov,44,Nov,2008,November
010/2007,10/28/2007,10,44,2007,Oct,43,Oct,2008,October
010/2007,10/21/2007,10,43,2007,Oct,42,Oct,2008,October
010/2007,10/14/2007,10,42,2007,Oct,41,Oct,2008,October
010/2007,10/7/2007,10,41,2007,Oct,40,Oct,2008,October
010/2007,9/30/2007,10,40,2007,Oct,39,Sep,2008,October
009/2007,9/23/2007,9,39,2007,Sep,38,Sep,2008,September
009/2007,9/16/2007,9,38,2007,Sep,37,Sep,2008,September
009/2007,9/9/2007,9,37,2007,Sep,36,Sep,2008,September
009/2007,9/2/2007,9,36,2007,Sep,35,Sep,2008,September
008/2007,8/26/2007,8,35,2007,Aug,34,Aug,2008,August
008/2007,8/19/2007,8,34,2007,Aug,33,Aug,2008,August
008/2007,8/12/2007,8,33,2007,Aug,32,Aug,2008,August
008/2007,8/5/2007,8,32,2007,Aug,31,Aug,2008,August
007/2007,7/29/2007,7,31,2007,Jul,30,Jul,2008,July
007/2007,7/22/2007,7,30,2007,Jul,29,Jul,2008,July
007/2007,7/15/2007,7,29,2007,Jul,28,Jul,2008,July
007/2007,7/8/2007,7,28,2007,Jul,27,Jul,2008,July
007/2007,7/1/2007,7,27,2007,Jul,26,Jul,2008,July
006/2007,6/24/2007,6,26,2007,Jun,25,Jun,2007,June
006/2007,6/17/2007,6,25,2007,Jun,24,Jun,2007,June
006/2007,6/10/2007,6,24,2007,Jun,23,Jun,2007,June
006/2007,6/3/2007,6,23,2007,Jun,22,Jun,2007,June
005/2007,5/27/2007,5,22,2007,May,21,May,2007,May
005/2007,5/20/2007,5,21,2007,May,20,May,2007,May
005/2007,5/13/2007,5,20,2007,May,19,May,2007,May
005/2007,5/6/2007,5,19,2007,May,18,May,2007,May
004/2007,4/29/2007,4,18,2007,Apr,17,Apr,2007,April
004/2007,4/22/2007,4,17,2007,Apr,16,Apr,2007,April
004/2007,4/15/2007,4,16,2007,Apr,15,Apr,2007,April
004/2007,4/8/2007,4,15,2007,Apr,14,Apr,2007,April
004/2007,4/1/2007,4,14,2007,Apr,13,Apr,2007,April
003/2007,3/25/2007,3,13,2007,Mar,12,Mar,2007,March
003/2007,3/18/2007,3,12,2007,Mar,11,Mar,2007,March
003/2007,3/11/2007,3,11,2007,Mar,10,Mar,2007,March
003/2007,3/4/2007,3,10,2007,Mar,9,Mar,2007,March
002/2007,2/25/2007,2,9,2007,Feb,8,Feb,2007,February
002/2007,2/18/2007,2,8,2007,Feb,7,Feb,2007,February
002/2007,2/11/2007,2,7,2007,Feb,6,Feb,2007,February
002/2007,2/4/2007,2,6,2007,Feb,5,Feb,2007,February
001/2007,1/28/2007,1,5,2007,Jan,4,Jan,2007,January
001/2007,1/21/2007,1,4,2007,Jan,3,Jan,2007,January
001/2007,1/14/2007,1,3,2007,Jan,2,Jan,2007,January
001/2007,1/7/2007,1,2,2007,Jan,1,Jan,2007,January
001/2007,12/31/2006,1,1,2007,Jan,53,Dec,2007,January
012/2006,12/24/2006,12,52,2006,Dec,52,Dec,2007,December
012/2006,12/17/2006,12,51,2006,Dec,51,Dec,2007,December
012/2006,12/10/2006,12,50,2006,Dec,50,Dec,2007,December
012/2006,12/3/2006,12,49,2006,Dec,49,Dec,2007,December
011/2006,11/26/2006,11,48,2006,Nov,48,Nov,2007,November
011/2006,11/19/2006,11,47,2006,Nov,47,Nov,2007,November
011/2006,11/12/2006,11,46,2006,Nov,46,Nov,2007,November
011/2006,11/5/2006,11,45,2006,Nov,45,Nov,2007,November
010/2006,10/29/2006,10,44,2006,Oct,44,Oct,2007,October
010/2006,10/22/2006,10,43,2006,Oct,43,Oct,2007,October
010/2006,10/15/2006,10,42,2006,Oct,42,Oct,2007,October
010/2006,10/8/2006,10,41,2006,Oct,41,Oct,2007,October
010/2006,10/1/2006,10,40,2006,Oct,40,Oct,2007,October
009/2006,9/24/2006,9,39,2006,Sep,39,Sep,2007,September
009/2006,9/17/2006,9,38,2006,Sep,38,Sep,2007,September
009/2006,9/10/2006,9,37,2006,Sep,37,Sep,2007,September
009/2006,9/3/2006,9,36,2006,Sep,36,Sep,2007,September
008/2006,8/27/2006,8,35,2006,Aug,35,Aug,2007,August
008/2006,8/20/2006,8,34,2006,Aug,34,Aug,2007,August
008/2006,8/13/2006,8,33,2006,Aug,33,Aug,2007,August
008/2006,8/6/2006,8,32,2006,Aug,32,Aug,2007,August
007/2006,7/30/2006,7,31,2006,Jul,31,Jul,2007,July
007/2006,7/23/2006,7,30,2006,Jul,30,Jul,2007,July
007/2006,7/16/2006,7,29,2006,Jul,29,Jul,2007,July
007/2006,7/9/2006,7,28,2006,Jul,28,Jul,2007,July
007/2006,7/2/2006,7,27,2006,Jul,27,Jul,2007,July
006/2006,6/25/2006,6,26,2006,Jun,26,Jun,2006,June
006/2006,6/18/2006,6,25,2006,Jun,25,Jun,2006,June
006/2006,6/11/2006,6,24,2006,Jun,24,Jun,2006,June
006/2006,6/4/2006,6,23,2006,Jun,23,Jun,2006,June
005/2006,5/28/2006,5,22,2006,May,22,May,2006,May
005/2006,5/21/2006,5,21,2006,May,21,May,2006,May
005/2006,5/14/2006,5,20,2006,May,20,May,2006,May
005/2006,5/7/2006,5,19,2006,May,19,May,2006,May
004/2006,4/30/2006,4,18,2006,Apr,18,Apr,2006,April
004/2006,4/23/2006,4,17,2006,Apr,17,Apr,2006,April
004/2006,4/16/2006,4,16,2006,Apr,16,Apr,2006,April
004/2006,4/9/2006,4,15,2006,Apr,15,Apr,2006,April
004/2006,4/2/2006,4,14,2006,Apr,14,Apr,2006,April
003/2006,3/26/2006,3,13,2006,Mar,13,Mar,2006,March
003/2006,3/19/2006,3,12,2006,Mar,12,Mar,2006,March
003/2006,3/12/2006,3,11,2006,Mar,11,Mar,2006,March
003/2006,3/5/2006,3,10,2006,Mar,10,Mar,2006,March
002/2006,2/26/2006,2,9,2006,Feb,9,Feb,2006,February
002/2006,2/19/2006,2,8,2006,Feb,8,Feb,2006,February
002/2006,2/12/2006,2,7,2006,Feb,7,Feb,2006,February
002/2006,2/5/2006,2,6,2006,Feb,6,Feb,2006,February
001/2006,1/29/2006,1,5,2006,Jan,5,Jan,2006,January
001/2006,1/22/2006,1,4,2006,Jan,4,Jan,2006,January
001/2006,1/15/2006,1,3,2006,Jan,3,Jan,2006,January
001/2006,1/8/2006,1,2,2006,Jan,2,Jan,2006,January
001/2006,1/1/2006,1,1,2006,Jan,1,Jan,2006,January
