CalendarDay,Bucket,DamageRate
7/1/2009,5,0.457141197
7/2/2009,5,0.458114285
7/3/2009,5,0.460465144
7/4/2009,5,0.48320672
7/5/2009,5,0.570529601
7/6/2009,5,0.871884709
7/7/2009,5,-1.630440126
7/8/2009,5,0.460212892
7/9/2009,5,0.477927225
7/10/2009,5,0.649761782
7/11/2009,5,0.487926613
7/12/2009,5,0.541378283
7/13/2009,5,0.464422484
7/14/2009,5,0.453221439
7/15/2009,5,0.480579346
7/16/2009,5,0.47401131
7/17/2009,5,0.464864534
7/18/2009,5,0.492852591
7/19/2009,5,0.578230574
7/20/2009,5,0.358181919
7/21/2009,5,0.475088027
7/22/2009,5,0.468358369
7/23/2009,5,0.474311394
7/24/2009,5,0.469840865
7/25/2009,5,0.513126957
7/26/2009,5,0.564101401
7/27/2009,5,0.476503568
7/28/2009,5,0.462584573
7/29/2009,5,0.481468576
7/30/2009,5,0.557760131
7/31/2009,5,-0.144049496
8/1/2009,5,0.454669167
8/2/2009,5,0.626951669
8/3/2009,5,0.467919462
8/4/2009,5,0.459934116
8/5/2009,5,0.478799158
8/6/2009,5,0.66723577
8/7/2009,5,0.471902309
8/8/2009,5,0.498905866
8/9/2009,5,0.561039397
8/10/2009,5,0.474889462
8/11/2009,5,0.454054447
8/12/2009,5,0.461715066
8/13/2009,5,0.470560323
8/14/2009,5,0.484687393
8/15/2009,5,0.483699254
8/16/2009,5,0.563560104
8/17/2009,5,0.464614806
8/18/2009,5,0.480306242
8/19/2009,5,0.477520331
8/20/2009,5,0.486501269
8/21/2009,5,0.484670026
8/22/2009,5,0.504729219
8/23/2009,5,0.484277484
8/24/2009,5,0.485814427
8/25/2009,5,0.469641007
8/26/2009,5,0.586870427
8/27/2009,5,0.476185915
8/28/2009,5,0.473120666
8/29/2009,5,0.477237728
8/30/2009,5,0.61472372
8/31/2009,5,0.506343471
9/1/2009,5,0.554396623
9/2/2009,5,0.478858881
9/3/2009,5,0.478231182
9/4/2009,5,0.485851961
9/5/2009,5,0.490690047
9/6/2009,5,0.542752468
9/7/2009,5,0.503722091
9/8/2009,5,0.66780197
9/9/2009,5,0.479650808
9/10/2009,5,0.486423444
9/11/2009,5,0.482663747
9/12/2009,5,0.488244662
9/13/2009,5,0.502478983
9/14/2009,5,0.490254423
9/15/2009,5,0.47275341
9/16/2009,5,0.489523408
9/17/2009,5,0.482347687
9/18/2009,5,0.491253174
9/19/2009,5,0.478052039
9/20/2009,5,0.531345246
9/21/2009,5,0.492907564
9/22/2009,5,0.478476506
9/23/2009,5,0.494923765
9/24/2009,5,0.487513993
9/25/2009,5,0.494238994
9/26/2009,5,0.503776945
9/27/2009,5,0.493743408
9/28/2009,5,0.495283932
9/29/2009,5,0.538013902
9/30/2009,5,0.504594068
10/1/2009,5,0.497748565
10/2/2009,5,0.499969596
10/3/2009,5,0.48284058
10/4/2009,5,0.533625184
10/5/2009,5,0.51872089
10/6/2009,5,0.495453819
10/7/2009,5,0.501070807
10/8/2009,5,0.504119653
10/9/2009,5,0.495819223
10/10/2009,5,0.542326616
10/11/2009,5,0.657484185
10/12/2009,5,0.509809087
10/13/2009,5,0.513398543
10/14/2009,5,0.493194011
10/15/2009,5,0.54247535
10/16/2009,5,0.50931616
10/17/2009,5,0.519272822
10/18/2009,5,0.522932763
10/19/2009,5,0.518767538
10/20/2009,5,0.502286823
10/21/2009,5,0.516440297
10/22/2009,5,0.522122538
10/23/2009,5,0.518175334
10/24/2009,5,0.528440319
10/25/2009,5,0.575866814
10/26/2009,5,0.522682684
10/27/2009,5,0.514052107
10/28/2009,5,0.526430475
10/29/2009,5,0.527859038
10/30/2009,5,0.525692775
10/31/2009,5,2.011030125
11/1/2009,5,0.588803037
11/2/2009,5,0.295270729
11/3/2009,5,0.524114255
11/4/2009,5,0.522113907
11/5/2009,5,0.542648288
11/6/2009,5,0.535154192
11/7/2009,5,0.554161104
11/8/2009,5,0.582136379
11/9/2009,5,0.525723939
11/10/2009,5,0.532400713
11/11/2009,5,0.523988479
11/12/2009,5,0.543296423
11/13/2009,5,0.539540617
11/14/2009,5,0.507470033
11/15/2009,5,0.538434903
11/16/2009,5,0.527630401
11/17/2009,5,0.532548754
11/18/2009,5,0.538536504
11/19/2009,5,0.52511038
11/20/2009,5,0.530348931
11/21/2009,5,0.558922927
11/22/2009,5,0.569582647
11/23/2009,5,0.519708059
11/24/2009,5,0.519799869
11/25/2009,5,0.515447503
11/26/2009,5,0.569513178
11/27/2009,5,0.521871882
11/28/2009,5,0.499013251
11/29/2009,5,0.563259178
11/30/2009,5,0.534923703
12/1/2009,5,0.505683829
12/2/2009,5,0.531759422
12/3/2009,5,0.533717524
12/4/2009,5,0.544211089
12/5/2009,5,0.593792065
12/6/2009,5,0.586258114
12/7/2009,5,0.542671163
12/8/2009,5,0.542652618
12/9/2009,5,0.548616562
12/10/2009,5,0.525964558
12/11/2009,5,0.551644035
12/12/2009,5,0.536803294
12/13/2009,5,0.630437497
12/14/2009,5,0.537487833
12/15/2009,5,0.549158902
12/16/2009,5,0.550243189
12/17/2009,5,0.547609761
12/18/2009,5,0.55262361
12/19/2009,5,0.598333649
12/20/2009,5,0.511133085
12/21/2009,5,0.564249264
12/22/2009,5,0.55462179
12/23/2009,5,0.551893335
12/24/2009,5,0.567155664
12/25/2009,5,0.702519941
12/26/2009,5,0.55500163
12/27/2009,5,0.517110817
12/28/2009,5,0.557707763
12/29/2009,5,0.5384759
12/30/2009,5,0.552277534
12/31/2009,5,0.537034563
1/1/2010,5,0.66192346
1/2/2010,5,0.577124291
1/3/2010,5,0.578752524
1/4/2010,5,0.539591419
1/5/2010,5,0.539877461
1/6/2010,5,0.547749172
1/7/2010,5,0.555161211
1/8/2010,5,0.560724455
1/9/2010,5,0.63493115
1/10/2010,5,0.626862915
1/11/2010,5,0.542177092
1/12/2010,5,0.543115956
1/13/2010,5,0.561673257
1/14/2010,5,0.537858102
1/15/2010,5,0.534665217
1/16/2010,5,0.583706922
1/17/2010,5,0.579637975
1/18/2010,5,0.526223368
1/19/2010,5,0.544903838
1/20/2010,5,0.539007419
1/21/2010,5,0.547952032
1/22/2010,5,0.540068878
1/23/2010,5,0.637918695
1/24/2010,5,0.548873507
1/25/2010,5,0.547388864
1/26/2010,5,0.537494654
1/27/2010,5,0.548290728
1/28/2010,5,0.546940141
1/29/2010,5,0.537228353
1/30/2010,5,0.564210765
1/31/2010,5,0.463343203
2/1/2010,5,0.545416021
2/2/2010,5,0.54099177
2/3/2010,5,0.537008324
2/4/2010,5,0.534514856
2/5/2010,5,0.535410081
2/6/2010,5,0.5870539
2/7/2010,5,0.482283496
2/8/2010,5,0.532491582
2/9/2010,5,0.531299386
2/10/2010,5,0.554810681
2/11/2010,5,0.527857137
2/12/2010,5,0.539438911
2/13/2010,5,0.533292091
2/14/2010,5,0.528500747
2/15/2010,5,0.542984325
2/16/2010,5,0.523304782
2/17/2010,5,0.520240862
2/18/2010,5,0.532772627
2/19/2010,5,0.530403654
2/20/2010,5,0.558504381
2/21/2010,5,0.554155674
2/22/2010,5,0.520764629
2/23/2010,5,0.52063052
2/24/2010,5,0.529976802
2/25/2010,5,0.52644907
2/26/2010,5,0.546142023
2/27/2010,5,0.549288726
2/28/2010,5,0.632883723
3/1/2010,5,0.516364477
3/2/2010,5,0.530428259
3/3/2010,5,0.524586763
3/4/2010,5,0.519546728
3/5/2010,5,0.514583059
3/6/2010,5,0.55871215
3/7/2010,5,0.578285854
3/8/2010,5,0.497088781
3/9/2010,5,0.512792837
3/10/2010,5,0.524652399
3/11/2010,5,0.521961065
3/12/2010,5,0.524769103
3/13/2010,5,0.589711296
3/14/2010,5,0.573607519
3/15/2010,5,0.505575592
3/16/2010,5,0.517484906
3/17/2010,5,0.511410897
3/18/2010,5,0.530472389
3/19/2010,5,0.522158211
3/20/2010,5,0.478527102
3/21/2010,5,0.498981511
3/22/2010,5,0.521778207
3/23/2010,5,0.512152227
3/24/2010,5,0.504970938
3/25/2010,5,0.516324596
3/26/2010,5,0.522696393
3/27/2010,5,0.4935936
3/28/2010,5,0.450037448
3/29/2010,5,0.488021223
4/13/2010,5,0.494623568
4/16/2010,5,0.497812172
5/28/2010,5,0.504039199
6/4/2010,5,0.485832745
6/28/2010,5,0.476444227
8/7/2010,5,0.716987819
8/14/2010,5,0.717401974
8/21/2010,5,0.710522272
8/28/2010,5,0.724674386
9/4/2010,5,0.72763742
9/8/2010,5,0.489507975
9/9/2010,5,0.489344678
9/10/2010,5,0.481606553
9/11/2010,5,0.700572282
9/12/2010,5,0.463767847
9/13/2010,5,0.470161052
9/14/2010,5,0.485386038
9/15/2010,5,0.491344454
9/16/2010,5,0.48324923
9/17/2010,5,0.614196707
9/18/2010,5,0.489098745
9/20/2010,5,0.479041264
9/21/2010,5,0.486837319
9/22/2010,5,0.482888974
9/23/2010,5,0.49261021
9/24/2010,5,0.600753689
9/25/2010,5,0.460298631
9/27/2010,5,0.478138019
9/28/2010,5,0.494554277
9/29/2010,5,0.485404317
9/30/2010,5,0.48782145
10/1/2010,5,0.602329279
10/2/2010,5,0.505057831
10/3/2010,5,0.48465356
10/4/2010,5,0.496077594
10/5/2010,5,0.490230268
10/6/2010,5,0.505615234
10/7/2010,5,0.494281255
10/8/2010,5,0.609608131
10/9/2010,5,0.48055185
10/10/2010,5,0.465560383
10/11/2010,5,0.495174003
10/12/2010,5,0.49578041
10/13/2010,5,0.505876754
10/14/2010,5,0.509659703
10/15/2010,5,0.503934862
10/16/2010,5,0.696438324
10/17/2010,5,0.487495996
10/18/2010,5,0.500650528
10/19/2010,5,0.50560912
10/20/2010,5,0.506277381
10/21/2010,5,0.508609863
10/22/2010,5,0.617949308
10/25/2010,5,0.500396222
10/26/2010,5,0.503537397
10/27/2010,5,0.502752161
10/28/2010,5,0.505900889
10/29/2010,5,0.621559406
11/1/2010,5,0.494552373
11/2/2010,5,0.491078247
11/3/2010,5,0.504732382
11/4/2010,5,0.487622775
11/5/2010,5,0.62275942
11/8/2010,5,0.496271276
11/9/2010,5,0.502808687
11/10/2010,5,0.51689568
11/11/2010,5,0.506954042
11/12/2010,5,0.624214258
11/15/2010,5,0.500860796
11/16/2010,5,0.502929805
11/17/2010,5,0.503509619
11/18/2010,5,0.500735094
11/19/2010,5,0.613671523
11/22/2010,5,0.494180215
11/23/2010,5,0.499767536
11/24/2010,5,0.50855197
11/26/2010,5,0.611950536
11/29/2010,5,0.506328248
11/30/2010,5,0.509814816
12/1/2010,5,0.502454166
12/2/2010,5,0.510418204
12/3/2010,5,0.607985929
12/4/2010,5,0.547885431
12/6/2010,5,0.490003443
12/7/2010,5,0.504572012
12/8/2010,5,0.510537375
12/9/2010,5,0.503770418
12/10/2010,5,0.618002954
12/11/2010,5,0.518590017
12/13/2010,5,0.509862958
12/14/2010,5,0.515067929
12/15/2010,5,0.516427661
12/16/2010,5,0.508634198
12/17/2010,5,0.617878865
12/18/2010,5,0.52281291
12/20/2010,5,0.511763555
12/21/2010,5,0.509069912
12/22/2010,5,0.502772051
12/23/2010,5,0.503607338
12/24/2010,5,0.691285101
12/27/2010,5,0.517193965
12/28/2010,5,0.514435089
12/29/2010,5,0.513849089
12/30/2010,5,0.518372099
12/31/2010,5,0.659592861
1/1/2011,5,-4.36169638
1/3/2011,5,0.508401774
1/4/2011,5,0.506908288
1/5/2011,5,0.501389764
1/6/2011,5,0.504117451
1/7/2011,5,0.641651448
1/8/2011,5,0.560902484
1/10/2011,5,0.495517744
1/11/2011,5,0.507070816
1/12/2011,5,0.500346258
1/13/2011,5,0.504580251
1/14/2011,5,0.6288826
1/15/2011,5,0.506334427
1/17/2011,5,0.497311561
1/18/2011,5,0.503518746
1/19/2011,5,0.506015658
1/20/2011,5,0.50390244
1/21/2011,5,0.626489391
1/22/2011,5,0.48260405
1/24/2011,5,0.495295252
1/25/2011,5,0.502908917
1/26/2011,5,0.504762716
1/27/2011,5,0.498987436
1/28/2011,5,0.623418992
1/31/2011,5,0.497830623
2/1/2011,5,0.500687913
2/2/2011,5,0.508373082
2/3/2011,5,0.485935731
2/4/2011,5,0.596355009
2/6/2011,5,0.473898496
2/8/2011,5,0.503881563
2/9/2011,5,0.496252318
2/10/2011,5,0.49762544
2/11/2011,5,0.586344395
2/13/2011,5,0.480537286
2/14/2011,5,0.488159249
2/15/2011,5,0.498960773
2/16/2011,5,0.502975913
2/17/2011,5,0.520502863
2/18/2011,5,0.589426453
2/21/2011,5,0.499891934
2/22/2011,5,0.501835746
2/23/2011,5,0.506636684
2/24/2011,5,0.505712252
2/25/2011,5,0.611524855
2/26/2011,5,0.492079749
2/27/2011,5,0.480393678
2/28/2011,5,0.494432744
3/1/2011,5,0.509071668
3/2/2011,5,0.511152726
3/3/2011,5,0.502033115
3/4/2011,5,0.592244057
3/7/2011,5,0.493931367
3/8/2011,5,0.505318918
3/9/2011,5,0.497148309
3/10/2011,5,0.502416585
3/11/2011,5,0.622082714
3/13/2011,5,0.457099108
3/14/2011,5,0.499288658
3/15/2011,5,0.508452984
3/16/2011,5,0.503952225
3/17/2011,5,0.493878207
3/18/2011,5,0.58607485
3/21/2011,5,0.488197534
3/22/2011,5,0.496784057
3/23/2011,5,0.500975582
3/24/2011,5,0.502038869
3/25/2011,5,0.581881348
3/27/2011,5,0.45121727
3/28/2011,5,0.494428657
3/29/2011,5,0.500957039
3/30/2011,5,0.510630162
3/31/2011,5,0.513205609
4/1/2011,5,0.566234943
4/2/2011,5,0.458295031
4/4/2011,5,0.483732323
4/5/2011,5,0.497677641
4/6/2011,5,0.504125753
4/7/2011,5,0.510572445
4/8/2011,5,0.577449887
4/9/2011,5,0.536692676
4/10/2011,5,0.464405002
4/11/2011,5,0.496436719
4/12/2011,5,0.511159813
4/13/2011,5,0.505364559
4/14/2011,5,0.527802746
4/15/2011,5,0.586384025
4/18/2011,5,0.50965193
4/19/2011,5,0.508957415
4/20/2011,5,0.511805044
4/21/2011,5,0.522119001
4/22/2011,5,0.593936711
4/23/2011,5,0.529676663
4/24/2011,5,0.473061485
4/25/2011,5,0.513431569
4/26/2011,5,0.517713376
4/27/2011,5,0.520051926
4/28/2011,5,0.523254535
4/29/2011,5,0.583066095
4/30/2011,5,0.558659653
5/1/2011,5,0.470047527
5/2/2011,5,0.502269556
5/3/2011,5,0.520509351
5/4/2011,5,0.515452933
5/5/2011,5,0.504192567
5/6/2011,5,0.572658877
5/7/2011,5,0.502780868
5/8/2011,5,0.467223073
5/9/2011,5,0.50531986
5/10/2011,5,0.513226773
5/11/2011,5,0.509051155
5/12/2011,5,0.503963691
5/13/2011,5,0.598590935
5/14/2011,5,0.566068045
5/15/2011,5,0.468610341
5/16/2011,5,0.502265778
5/17/2011,5,0.516907888
5/18/2011,5,0.513198495
5/19/2011,5,0.499210328
5/20/2011,5,0.587981227
5/21/2011,5,0.589516383
5/22/2011,5,0.46038535
5/23/2011,5,0.501009215
5/24/2011,5,0.503143105
5/25/2011,5,0.505064886
5/26/2011,5,0.509446317
5/27/2011,5,0.586705071
5/28/2011,5,0.510025687
5/29/2011,5,0.421253093
5/30/2011,5,0.491788181
5/31/2011,5,0.504922729
6/1/2011,5,0.51692772
6/2/2011,5,0.514843431
6/3/2011,5,0.602880594
6/5/2011,5,0.450464634
6/6/2011,5,0.504192597
6/7/2011,5,0.507584043
6/8/2011,5,0.510028378
6/9/2011,5,0.50016884
6/10/2011,5,0.617230858
6/11/2011,5,0.467898121
6/12/2011,5,0.456356131
6/13/2011,5,0.49831567
6/14/2011,5,0.503951387
6/15/2011,5,0.503023167
6/16/2011,5,0.506064314
6/17/2011,5,0.60821366
6/18/2011,5,0.515287852
6/19/2011,5,0.50231849
6/20/2011,5,0.497326655
6/21/2011,5,0.508437747
6/22/2011,5,0.498384346
6/23/2011,5,0.506198608
6/24/2011,5,0.617589326
6/25/2011,5,0.51660397
6/26/2011,5,0.429425348
6/27/2011,5,0.500398916
6/28/2011,5,0.501497839
6/29/2011,5,0.499840888
6/30/2011,5,0.50445889
7/1/2011,5,0.610337308
7/2/2011,5,0.630672313
7/3/2011,5,0.451397995
7/4/2011,5,0.49878857
7/5/2011,5,0.504600528
7/6/2011,5,0.50435857
7/7/2011,5,0.511395716
7/8/2011,5,0.498925882
7/9/2011,5,0.49085773
7/10/2011,5,0.458869448
7/11/2011,5,0.481323085
7/12/2011,5,0.498705746
7/13/2011,5,0.50579597
7/14/2011,5,0.502299796
7/15/2011,5,0.603844081
7/16/2011,5,0.53344059
7/17/2011,5,0.450884502
7/18/2011,5,0.496875199
7/19/2011,5,0.506167705
7/20/2011,5,0.504308025
7/21/2011,5,0.508942037
7/22/2011,5,0.611487975
7/23/2011,5,0.484082598
7/24/2011,5,0.444925236
7/25/2011,5,0.497286838
7/26/2011,5,0.501071087
7/27/2011,5,0.497460225
7/28/2011,5,0.506148705
7/29/2011,5,0.593445577
7/30/2011,5,0.452411387
7/31/2011,5,0.448025656
8/1/2011,5,0.485972378
8/2/2011,5,0.506862779
8/3/2011,5,0.492006042
8/4/2011,5,0.505807628
8/5/2011,5,0.614559898
8/7/2011,5,0.397977236
8/8/2011,5,0.499713445
8/9/2011,5,0.507213504
8/10/2011,5,0.500720024
8/11/2011,5,0.516904122
8/12/2011,5,0.566625749
8/14/2011,5,0.458671915
8/15/2011,5,0.496496808
8/16/2011,5,0.504772143
8/17/2011,5,0.507070915
8/18/2011,5,0.514601094
8/19/2011,5,0.593267253
8/22/2011,5,0.499635456
8/23/2011,5,0.514283022
8/24/2011,5,0.506714976
8/25/2011,5,0.518717676
8/26/2011,5,0.577325746
8/28/2011,5,0.473483994
8/29/2011,5,0.489832113
8/30/2011,5,0.50222935
8/31/2011,5,0.503228265
9/1/2011,5,0.503842687
9/2/2011,5,0.583960406
9/4/2011,5,0.454248336
9/5/2011,5,0.479284748
9/6/2011,5,0.505981521
9/7/2011,5,0.505476768
9/8/2011,5,0.507778676
9/9/2011,5,0.565407407
9/10/2011,5,0.558178414
9/11/2011,5,0.462721239
9/12/2011,5,0.493871353
9/13/2011,5,0.503227906
9/14/2011,5,0.507655572
9/15/2011,5,0.515754261
9/16/2011,5,0.578170648
9/17/2011,5,0.556049027
9/18/2011,5,0.453921822
9/19/2011,5,0.499152208
9/20/2011,5,0.511437423
9/21/2011,5,0.516538773
9/22/2011,5,0.512227856
9/23/2011,5,0.532353662
9/26/2011,5,0.503503993
9/27/2011,5,0.508240526
9/28/2011,5,0.508319711
9/29/2011,5,0.504470363
9/30/2011,5,0.544710573
10/2/2011,5,0.480985263
10/3/2011,5,0.506156655
10/4/2011,5,0.513952461
10/5/2011,5,0.509691703
10/6/2011,5,0.507895828
10/7/2011,5,0.568583574
10/9/2011,5,0.478260573
10/10/2011,5,0.501457252
10/11/2011,5,0.512691721
10/12/2011,5,0.515180342
10/13/2011,5,0.513878664
10/14/2011,5,0.57132011
10/16/2011,5,0.466135694
10/17/2011,5,0.509125118
10/18/2011,5,0.509701527
10/19/2011,5,0.510125578
10/20/2011,5,0.508453874
10/21/2011,5,0.562486387
10/23/2011,5,0.466658643
10/24/2011,5,0.50547731
10/25/2011,5,0.506348267
10/26/2011,5,0.518319105
10/27/2011,5,0.514826998
10/28/2011,5,0.567811821
10/29/2011,5,0.533853183
10/30/2011,5,0.493229532
10/31/2011,5,0.509235839
11/1/2011,5,0.511804227
11/2/2011,5,0.52156659
11/3/2011,5,0.514896452
11/4/2011,5,0.588712177
11/5/2011,5,0.495858622
11/6/2011,5,0.485161742
11/7/2011,5,0.504212866
11/8/2011,5,0.513773313
11/9/2011,5,0.529429922
11/10/2011,5,0.522857061
11/11/2011,5,0.592824438
11/12/2011,5,0.54819967
11/13/2011,5,0.490707384
11/14/2011,5,0.50957618
11/15/2011,5,0.512728504
11/16/2011,5,0.514659969
11/17/2011,5,0.504992573
11/18/2011,5,0.594759855
11/20/2011,5,0.483394956
11/21/2011,5,0.512462063
11/22/2011,5,0.509813573
11/23/2011,5,0.506082961
11/24/2011,5,0.556968592
11/25/2011,5,0.597339294
11/26/2011,5,0.504916984
11/27/2011,5,0.518070375
11/28/2011,5,0.504729671
11/29/2011,5,0.507654978
11/30/2011,5,0.51278363
12/1/2011,5,0.504291462
12/2/2011,5,0.621131288
12/4/2011,5,0.496525644
12/5/2011,5,0.488983015
12/6/2011,5,0.501086329
12/7/2011,5,0.504552096
12/8/2011,5,0.508113472
12/9/2011,5,0.598444732
12/11/2011,5,0.488318474
12/12/2011,5,0.509406606
12/13/2011,5,0.524120416
12/14/2011,5,0.520018001
12/15/2011,5,0.510824574
12/16/2011,5,0.596706335
12/18/2011,5,0.484329709
12/19/2011,5,0.500557753
12/20/2011,5,0.520355328
12/21/2011,5,0.523874968
12/22/2011,5,0.514036488
12/23/2011,5,0.575193893
12/26/2011,5,0.514933902
12/27/2011,5,0.514258719
12/28/2011,5,0.529926036
12/29/2011,5,0.524498224
12/30/2011,5,0.573151372
1/1/2012,5,0.500030606
1/2/2012,5,0.498391999
1/3/2012,5,0.533086054
1/4/2012,5,0.513731425
1/5/2012,5,0.530879682
1/6/2012,5,0.593023948
1/8/2012,5,0.501623297
1/9/2012,5,0.51359155
1/10/2012,5,0.516224629
1/11/2012,5,0.522584451
1/12/2012,5,0.530197072
1/13/2012,5,0.59019086
1/14/2012,5,0.494183062
1/16/2012,5,0.518169015
1/17/2012,5,0.515294919
1/18/2012,5,0.528789736
1/19/2012,5,0.509678124
1/20/2012,5,0.587494489
1/23/2012,5,0.509686386
1/24/2012,5,0.521154741
1/25/2012,5,0.512294445
1/26/2012,5,0.525199878
1/27/2012,5,0.58902817
1/28/2012,5,0.547988353
1/29/2012,5,0.479750938
1/30/2012,5,0.503952857
1/31/2012,5,0.516468404
2/1/2012,5,0.521994791
2/2/2012,5,0.51448254
2/3/2012,5,0.583398789
2/5/2012,5,0.485038852
2/6/2012,5,0.510307591
2/7/2012,5,0.514433329
2/8/2012,5,0.519530303
2/9/2012,5,0.510849755
2/10/2012,5,0.603999282
2/12/2012,5,0.485439919
2/13/2012,5,0.504232371
2/14/2012,5,0.525569164
2/15/2012,5,0.512880092
2/16/2012,5,0.52631756
2/17/2012,5,0.581632419
2/20/2012,5,0.515964591
2/21/2012,5,0.527912182
2/22/2012,5,0.517685382
2/23/2012,5,0.514227538
2/24/2012,5,0.596004466
2/25/2012,5,0.569484213
2/27/2012,5,0.526634914
2/28/2012,5,0.522178481
2/29/2012,5,0.520318082
3/1/2012,5,0.527477801
3/2/2012,5,0.594454148
3/4/2012,5,0.508817978
3/5/2012,5,0.504809205
3/6/2012,5,0.516292189
3/7/2012,5,0.515827749
3/8/2012,5,0.523937115
3/9/2012,5,0.591526329
3/11/2012,5,0.500344532
3/12/2012,5,0.512721949
3/13/2012,5,0.52163939
3/14/2012,5,0.523937524
3/15/2012,5,0.517396657
3/16/2012,5,0.598955919
3/18/2012,5,0.473720183
3/19/2012,5,0.512519734
3/20/2012,5,0.518371783
3/21/2012,5,0.517234278
3/22/2012,5,0.510116151
3/23/2012,5,0.597621977
3/25/2012,5,0.51781072
3/26/2012,5,0.515108933
3/27/2012,5,0.525851027
3/28/2012,5,0.513587042
3/29/2012,5,0.520983909
3/30/2012,5,0.594065941
4/1/2012,5,0.458724597
4/2/2012,5,0.529364448
4/3/2012,5,0.519663425
4/4/2012,5,0.522847794
4/5/2012,5,0.513547574
4/6/2012,5,0.603284751
4/8/2012,5,0.56176861
4/9/2012,5,0.508455356
4/10/2012,5,0.526842337
4/11/2012,5,0.525590164
4/12/2012,5,0.524664206
4/13/2012,5,0.603935151
4/15/2012,5,0.559924181
4/16/2012,5,0.507111523
4/17/2012,5,0.527816899
4/18/2012,5,0.51884346
4/19/2012,5,0.518197881
4/20/2012,5,0.609378083
4/21/2012,5,0.530880977
4/22/2012,5,0.517709137
4/23/2012,5,0.510667436
4/24/2012,5,0.519595121
4/25/2012,5,0.519396913
4/26/2012,5,0.513371966
4/27/2012,5,0.60505398
4/28/2012,5,0.562426939
4/29/2012,5,0.517162177
4/30/2012,5,0.512343473
5/1/2012,5,0.512380346
5/2/2012,5,0.523827811
5/3/2012,5,0.52433422
5/4/2012,5,0.60343374
5/6/2012,5,0.506625691
5/7/2012,5,0.510356109
5/8/2012,5,0.516390598
5/9/2012,5,0.510901126
5/10/2012,5,0.510320989
5/11/2012,5,0.589120339
5/12/2012,5,0.564477803
5/14/2012,5,0.503710062
5/15/2012,5,0.513685289
5/16/2012,5,0.516052915
5/17/2012,5,0.515791122
5/18/2012,5,0.598452163
5/20/2012,5,0.50118637
5/21/2012,5,0.501714276
5/22/2012,5,0.511107784
5/23/2012,5,0.510725627
5/24/2012,5,0.510271412
5/25/2012,5,0.596427632
5/27/2012,5,0.493518968
5/28/2012,5,0.553925052
5/29/2012,5,0.498941763
5/30/2012,5,0.514521715
5/31/2012,5,0.515206528
6/1/2012,5,0.59784999
6/3/2012,5,0.470739991
6/4/2012,5,0.507474529
6/5/2012,5,0.50836002
6/6/2012,5,0.508077307
6/7/2012,5,0.528960586
6/8/2012,5,0.583288436
6/10/2012,5,0.520600416
6/11/2012,5,0.500080846
6/12/2012,5,0.500896837
6/13/2012,5,0.515138441
6/14/2012,5,0.499653107
6/15/2012,5,0.598094142
6/17/2012,5,0.499364497
6/18/2012,5,0.499550013
6/19/2012,5,0.511413642
6/20/2012,5,0.515887848
6/21/2012,5,0.523878108
6/22/2012,5,0.588674375
6/23/2012,5,0.497779657
6/24/2012,5,0.513553101
6/25/2012,5,0.49429841
6/26/2012,5,0.505786879
6/27/2012,5,0.512813665
6/28/2012,5,0.516509821
6/29/2012,5,0.622321953
6/30/2012,5,0.527337147
7/1/2012,5,0.519892066
7/2/2012,5,0.501931168
7/3/2012,5,0.510742223
7/4/2012,5,0.542472599
7/5/2012,5,0.520095063
7/6/2012,5,0.596450063
7/7/2012,5,0.506122524
7/8/2012,5,0.485940902
7/9/2012,5,0.512947567
7/10/2012,5,0.510465869
7/11/2012,5,0.516378384
7/12/2012,5,0.517214517
7/13/2012,5,0.606292765
7/15/2012,5,0.501999687
7/16/2012,5,0.499072699
7/17/2012,5,0.517144072
7/18/2012,5,0.513015601
7/19/2012,5,0.505335085
7/20/2012,5,0.616787694
7/22/2012,5,0.485609785
7/23/2012,5,0.508062868
7/24/2012,5,0.510791525
7/25/2012,5,0.524116868
7/26/2012,5,0.524291276
7/27/2012,5,0.605184649
7/28/2012,5,0.556846553
7/29/2012,5,0.50065817
7/30/2012,5,0.51114061
7/31/2012,5,0.505275585
8/1/2012,5,0.525479626
8/2/2012,5,0.516192227
8/3/2012,5,0.602372903
8/5/2012,5,0.526740092
8/6/2012,5,0.491868773
8/7/2012,5,0.506962215
8/8/2012,5,0.506403794
8/9/2012,5,0.507950549
8/10/2012,5,0.631556027
8/11/2012,5,0.533925851
8/12/2012,5,0.477751318
8/13/2012,5,0.505972377
8/14/2012,5,0.518673171
8/15/2012,5,0.511529039
8/16/2012,5,0.512460491
8/17/2012,5,0.647124769
8/19/2012,5,0.488218521
8/20/2012,5,0.505811968
8/21/2012,5,0.516984888
8/22/2012,5,0.50919983
8/23/2012,5,0.516777776
8/24/2012,5,0.651182213
8/26/2012,5,0.498108343
8/27/2012,5,0.511965397
8/28/2012,5,0.518961966
8/29/2012,5,0.516083089
8/30/2012,5,0.517743137
4/28/2010,5,0.489096477
5/9/2010,5,0.520145543
5/8/2010,5,0.495945823
4/7/2010,5,0.493301433
5/5/2010,5,0.491431724
4/5/2010,5,0.486234738
5/4/2010,5,0.484526295
4/8/2010,5,0.492689851
4/24/2010,5,0.488106596
4/27/2010,5,0.487032186
4/10/2010,5,0.471774459
5/3/2010,5,0.479676779
5/1/2010,5,0.574757971
4/15/2010,5,0.504085666
4/12/2010,5,0.492518249
4/9/2010,5,0.500553223
4/26/2010,5,0.48816011
4/19/2010,5,0.491679825
3/31/2010,5,0.497079761
4/17/2010,5,0.559798509
3/30/2010,5,0.480365983
4/11/2010,5,0.53211605
4/1/2010,5,0.490119326
4/6/2010,5,0.494107715
5/7/2010,5,0.488947167
4/21/2010,5,0.500113658
4/20/2010,5,0.495455822
5/2/2010,5,0.425034933
4/23/2010,5,0.498695894
5/10/2010,5,0.484892479
4/2/2010,5,0.489903512
5/6/2010,5,0.489258765
4/30/2010,5,0.501823138
4/14/2010,5,0.494160243
4/18/2010,5,0.527197689
4/22/2010,5,0.502173566
5/11/2010,5,0.485680492
4/4/2010,5,0.503244714
4/3/2010,5,0.459354975
4/29/2010,5,0.503525923
4/25/2010,5,0.497876378
5/30/2010,5,0.393163671
7/4/2010,5,0.492317718
6/5/2010,5,0.463371446
5/29/2010,5,0.531050521
6/26/2010,5,0.496524795
6/19/2010,5,0.481816501
6/12/2010,5,0.481625976
5/31/2010,5,0.501044746
7/17/2010,5,0.48195947
7/10/2010,5,0.446724928
7/3/2010,5,0.477211041
7/31/2010,5,0.502432564
7/24/2010,5,0.448440186
5/22/2010,5,0.428077027
5/23/2010,5,0.460935017
6/6/2010,5,0.511311287
6/13/2010,5,0.453225225
6/20/2010,5,0.443841347
7/5/2010,5,0.475257516
6/27/2010,5,0.421043453
7/11/2010,5,0.515989036
7/18/2010,5,0.496810668
7/28/2010,5,0.481390062
7/25/2010,5,0.422820767
7/26/2010,5,0.488506263
7/27/2010,5,0.47905196
5/27/2010,5,0.481907704
5/20/2010,5,0.474826137
5/19/2010,5,0.477223006
5/21/2010,5,0.482713132
5/25/2010,5,0.488176524
5/24/2010,5,0.476895138
5/26/2010,5,0.506720682
6/1/2010,5,0.490898092
6/2/2010,5,0.486568786
6/3/2010,5,0.499814193
6/11/2010,5,0.479322118
6/9/2010,5,0.492008588
6/8/2010,5,0.499121062
6/7/2010,5,0.473705277
6/24/2010,5,0.484400198
6/17/2010,5,0.488528643
6/16/2010,5,0.481142988
6/15/2010,5,0.486586538
6/14/2010,5,0.48284821
6/18/2010,5,0.483851913
6/10/2010,5,0.501023851
6/22/2010,5,0.484681299
6/21/2010,5,0.475708925
6/23/2010,5,0.491335365
6/25/2010,5,0.493837015
6/30/2010,5,0.480999141
7/1/2010,5,0.487528356
7/2/2010,5,0.511510498
7/16/2010,5,0.485999763
7/14/2010,5,0.489668994
7/13/2010,5,0.478993209
7/8/2010,5,0.487294923
7/7/2010,5,0.495116816
7/6/2010,5,0.504431538
7/9/2010,5,0.495022278
6/29/2010,5,0.482099533
7/12/2010,5,0.480195196
7/15/2010,5,0.480388969
7/21/2010,5,0.498218415
7/20/2010,5,0.483948137
7/19/2010,5,0.466657893
7/23/2010,5,0.485856763
7/22/2010,5,0.485595503
7/29/2010,5,0.489434317
7/30/2010,5,0.480214928
8/8/2010,5,0.438452822
8/10/2010,5,0.487977458
8/1/2010,5,0.414631485
8/22/2010,5,0.510489858
8/5/2010,5,0.490485719
8/26/2010,5,0.479960427
8/6/2010,5,0.488571983
8/27/2010,5,0.475236698
8/12/2010,5,0.480904391
8/13/2010,5,0.48205668
8/3/2010,5,0.487496143
8/4/2010,5,0.480637096
8/2/2010,5,0.493964457
8/11/2010,5,0.497906079
8/18/2010,5,0.489406009
8/16/2010,5,0.472831473
8/9/2010,5,0.476308825
8/20/2010,5,0.491006136
8/19/2010,5,0.485430435
8/17/2010,5,0.490292058
8/15/2010,5,0.426077197
8/24/2010,5,0.488451084
8/23/2010,5,0.479651551
8/25/2010,5,0.489954657
9/1/2010,5,0.492897061
8/30/2010,5,0.481347921
9/6/2010,5,0.526064363
8/29/2010,5,0.485564261
9/5/2010,5,0.455143359
9/7/2010,5,0.495674074
8/31/2010,5,0.495779862
9/2/2010,5,0.491564115
9/3/2010,5,0.48674246
9/19/2010,5,0.484888721
9/26/2010,5,0.474297856
10/23/2010,5,0.475041744
10/24/2010,5,0.482468139
10/30/2010,5,0.437193816
10/31/2010,5,0.448075701
11/6/2010,5,0.460524779
11/7/2010,5,0.482905423
11/13/2010,5,0.519200416
11/14/2010,5,0.448628725
11/20/2010,5,0.556801061
11/21/2010,5,0.463443933
11/25/2010,5,0.570851461
11/27/2010,5,0.483432892
11/28/2010,5,0.502447892
12/5/2010,5,0.475914506
12/12/2010,5,0.451043632
12/19/2010,5,0.512796637
12/25/2010,5,0.631483844
12/26/2010,5,0.452490986
1/2/2011,5,0.436370008
1/9/2011,5,0.472218563
1/16/2011,5,0.45126565
1/23/2011,5,0.477846844
1/29/2011,5,0.501614307
1/30/2011,5,0.477714882
2/5/2011,5,0.487540252
2/7/2011,5,0.493919143
2/12/2011,5,0.510125778
2/19/2011,5,0.522983979
2/20/2011,5,0.461196164
3/5/2011,5,0.495859632
3/6/2011,5,0.475794078
3/12/2011,5,0.529638289
3/19/2011,5,0.508116824
3/20/2011,5,0.459416251
3/26/2011,5,0.536950568
4/3/2011,5,0.43932487
4/16/2011,5,0.534154985
4/17/2011,5,0.489973518
6/4/2011,5,0.526769167
8/6/2011,5,0.519181685
8/13/2011,5,0.491915502
8/20/2011,5,0.539078731
8/21/2011,5,0.45832453
8/27/2011,5,0.51831049
9/3/2011,5,0.518849054
9/24/2011,5,0.486843584
9/25/2011,5,0.451658952
10/1/2011,5,0.524992086
10/8/2011,5,0.480493228
10/15/2011,5,0.482801995
10/22/2011,5,0.501956926
11/19/2011,5,0.514535106
12/3/2011,5,0.542200708
12/10/2011,5,0.491426805
12/17/2011,5,0.561645464
12/24/2011,5,0.498303082
12/25/2011,5,0.419191251
12/31/2011,5,0.547983552
1/7/2012,5,0.542665785
1/15/2012,5,0.49157578
1/22/2012,5,0.476942799
1/21/2012,5,0.574272237
2/4/2012,5,0.57464355
2/11/2012,5,0.555172274
2/18/2012,5,0.574848076
2/19/2012,5,0.497055068
2/26/2012,5,0.503466949
3/3/2012,5,0.481017874
3/10/2012,5,0.527593689
3/17/2012,5,0.52154205
3/24/2012,5,0.514885105
3/31/2012,5,0.572684984
4/7/2012,5,0.521260887
4/14/2012,5,0.52421585
5/5/2012,5,0.507555106
5/13/2012,5,0.496963623
5/19/2012,5,0.560191041
5/26/2012,5,0.530725322
6/2/2012,5,0.532366386
6/9/2012,5,0.58457337
6/16/2012,5,0.545678744
7/14/2012,5,0.592449441
7/21/2012,5,0.553594606
8/4/2012,5,0.550772008
8/18/2012,5,0.495586381
8/25/2012,5,0.554115643
8/31/2012,5,0.614037835
9/1/2012,5,0.560608327
9/2/2012,5,0.506089321
9/3/2012,5,0.537116444
9/4/2012,5,0.508775625
9/5/2012,5,0.507009948
9/6/2012,5,0.503971614
9/7/2012,5,0.602414112
9/8/2012,5,0.573346427
9/9/2012,5,0.540957481
9/10/2012,5,0.494539394
9/11/2012,5,0.519378063
9/12/2012,5,0.507003472
9/13/2012,5,0.513151186
9/14/2012,5,0.612223605
9/15/2012,5,0.537870518
9/16/2012,5,0.536144844
9/17/2012,5,0.488505533
9/18/2012,5,0.517739164
9/19/2012,5,0.520010426
9/20/2012,5,0.5123946
9/21/2012,5,0.619930627
9/22/2012,5,0.516799522
9/23/2012,5,0.490768946
9/24/2012,5,0.502561307
9/25/2012,5,0.508563673
9/26/2012,5,0.514286534
9/27/2012,5,0.505956988
9/28/2012,5,0.606323669
9/29/2012,5,0.551922242
9/30/2012,5,0.461040847
10/1/2012,5,0.501120647
10/2/2012,5,0.503174607
10/3/2012,5,0.50938213
10/4/2012,5,0.500312222
10/5/2012,5,0.592646925
10/6/2012,5,0.494207872
10/7/2012,5,0.471788056
10/8/2012,5,0.495343471
10/9/2012,5,0.501000093
10/10/2012,5,0.507520978
10/11/2012,5,0.500587518
10/12/2012,5,0.599580887
10/13/2012,5,0.531635702
10/14/2012,5,0.480331659
10/15/2012,5,0.502086961
10/16/2012,5,0.504398087
10/17/2012,5,0.505211564
10/18/2012,5,0.495872265
10/19/2012,5,0.606468709
10/20/2012,5,0.465705385
10/21/2012,5,0.496233258
10/22/2012,5,0.48613181
10/23/2012,5,0.498175301
10/24/2012,5,0.506762371
10/25/2012,5,0.505638748
10/26/2012,5,0.587614502
10/27/2012,5,0.568686816
10/28/2012,5,0.526542379
10/29/2012,5,0.499266283
10/30/2012,5,0.513783532
10/31/2012,5,0.518759042
11/1/2012,5,0.530205364
11/2/2012,5,0.61059047
11/3/2012,5,0.505051718
11/4/2012,5,0.50258525
11/5/2012,5,0.512904102
11/6/2012,5,0.497688029
11/7/2012,5,0.515849271
11/8/2012,5,0.515005476
11/9/2012,5,0.609248774
11/10/2012,5,0.544206849
11/11/2012,5,0.497842863
11/12/2012,5,0.498414543
11/13/2012,5,0.523941552
11/14/2012,5,0.517241466
11/15/2012,5,0.520531039
11/16/2012,5,0.606375748
11/17/2012,5,0.502646324
11/18/2012,5,0.499229246
11/19/2012,5,0.528251457
11/20/2012,5,0.529102573
11/21/2012,5,0.514130321
11/22/2012,5,0.566672028
11/23/2012,5,0.615060601
11/24/2012,5,0.54708255
11/25/2012,5,0.498152038
11/26/2012,5,0.523962927
11/27/2012,5,0.51234261
11/28/2012,5,0.517926856
11/29/2012,5,0.52022979
11/30/2012,5,0.617398227
12/1/2012,5,0.548800356
12/2/2012,5,0.478091802
12/3/2012,5,0.494928351
12/4/2012,5,0.510539445
12/5/2012,5,0.521705355
12/6/2012,5,0.514757504
12/7/2012,5,0.515376361
12/8/2012,5,0.545233035
12/9/2012,5,0.518146617
12/10/2012,5,0.509552326
12/11/2012,5,0.525448372
12/12/2012,5,0.520744215
12/13/2012,5,0.52482255
12/14/2012,5,0.62529387
12/15/2012,5,0.539872818
12/16/2012,5,0.505356098
12/17/2012,5,0.519829551
12/18/2012,5,0.522430855
12/19/2012,5,0.561731662
12/20/2012,5,0.543741181
12/21/2012,5,0.535875088
12/22/2012,5,0.637080859
12/23/2012,5,0.556014524
12/24/2012,5,0.526439615
12/25/2012,5,0.536436143
12/26/2012,5,0.528558196
12/27/2012,5,0.548197023
12/28/2012,5,0.607856551
12/29/2012,5,0.522898525
12/30/2012,5,0.520561333
12/31/2012,5,0.545099582
1/1/2013,5,0.499680237
1/2/2013,5,0.53460635
1/3/2013,5,0.528918864
1/4/2013,5,0.612148816
1/5/2013,5,0.578037133
1/6/2013,5,0.516680527
1/7/2013,5,0.52242765
1/8/2013,5,0.538098862
1/9/2013,5,0.5414868
1/10/2013,5,0.534475903
1/11/2013,5,0.508950578
1/12/2013,5,0.596321413
1/13/2013,5,0.528396992
1/14/2013,5,0.509647337
1/15/2013,5,0.525755865
1/16/2013,5,0.533147282
1/17/2013,5,0.529891336
1/18/2013,5,0.524838807
1/19/2013,5,0.582956529
1/20/2013,5,0.577110248
1/21/2013,5,0.550033997
1/22/2013,5,0.575837638
1/23/2013,5,0.552614054
1/24/2013,5,0.554673095
1/25/2013,5,0.566362732
1/26/2013,5,0.639478839
1/27/2013,5,0.604670526
1/28/2013,5,0.534200229
1/29/2013,5,0.574358345
1/30/2013,5,0.559114794
1/31/2013,5,0.567026144
2/1/2013,5,0.558472176
2/2/2013,5,0.667837139
2/3/2013,5,0.532530277
2/4/2013,5,0.544693333
2/5/2013,5,0.566394936
2/6/2013,5,0.559911004
2/7/2013,5,0.567925606
2/8/2013,5,0.566077828
2/9/2013,5,0.576427803
2/10/2013,5,0.548594951
2/11/2013,5,0.544338457
2/12/2013,5,0.558384245
2/13/2013,5,0.549944223
2/14/2013,5,0.557853791
2/15/2013,5,0.556568821
2/16/2013,5,0.613560302
2/17/2013,5,0.567061223
2/18/2013,5,0.540360848
2/19/2013,5,0.564662857
2/20/2013,5,0.554193754
2/21/2013,5,0.563213919
2/22/2013,5,0.538904671
2/23/2013,5,0.625673234
2/24/2013,5,0.522837746
2/25/2013,5,0.537408005
2/26/2013,5,0.576776537
2/27/2013,5,0.564239463
2/28/2013,5,0.572029456
3/1/2013,5,0.578869685
3/2/2013,5,0.602580252
3/3/2013,5,0.576940392
3/4/2013,5,0.54957494
3/5/2013,5,0.567015788
3/6/2013,5,0.555451736
3/7/2013,5,0.563193704
3/8/2013,5,0.584929545
3/9/2013,5,0.602013778
3/10/2013,5,0.565898786
3/11/2013,5,0.553170793
3/12/2013,5,0.566332287
3/13/2013,5,0.574765805
3/14/2013,5,0.562588232
3/15/2013,5,0.54844156
3/16/2013,5,0.609926584
3/17/2013,5,0.531209716
3/18/2013,5,0.563046552
3/19/2013,5,0.561189535
3/20/2013,5,0.56365625
3/21/2013,5,0.562116573
3/22/2013,5,0.576328426
3/23/2013,5,0.541734121
3/24/2013,5,0.54041409
3/25/2013,5,0.555628116
3/26/2013,5,0.565118145
3/27/2013,5,0.569548754
3/28/2013,5,0.575382026
3/29/2013,5,0.572592614
3/30/2013,5,0.636023109
3/31/2013,5,0.546823636
4/1/2013,5,0.549452392
4/2/2013,5,0.557054424
4/3/2013,5,0.563409665
4/4/2013,5,0.572889306
4/5/2013,5,0.563892616
4/6/2013,5,0.674696307
4/7/2013,5,0.534844674
4/8/2013,5,0.560619032
4/9/2013,5,0.567349946
4/10/2013,5,0.56830225
4/11/2013,5,0.558822081
4/12/2013,5,0.566855536
4/13/2013,5,0.663233348
4/14/2013,5,0.524798781
4/15/2013,5,0.565328843
4/16/2013,5,0.565909112
4/17/2013,5,0.567088563
4/18/2013,5,0.574183436
4/19/2013,5,0.566900424
4/20/2013,5,0.652982317
4/21/2013,5,0.518362956
4/22/2013,5,0.557637866
4/23/2013,5,0.553263601
4/24/2013,5,0.578436232
4/25/2013,5,0.558336551
4/26/2013,5,0.561548727
4/27/2013,5,0.659236608
4/28/2013,5,0.52195072
4/29/2013,5,0.558659149
4/30/2013,5,0.543333726
5/1/2013,5,0.576303142
5/2/2013,5,0.5688663
5/3/2013,5,0.600910765
5/4/2013,5,0.648805333
5/5/2013,5,0.538734411
5/6/2013,5,0.54018391
5/7/2013,5,0.550492889
5/8/2013,5,0.54861429
5/9/2013,5,0.565684746
5/10/2013,5,0.54868648
5/11/2013,5,0.600117824
5/12/2013,5,0.526166787
5/13/2013,5,0.55734564
5/14/2013,5,0.545353841
5/15/2013,5,0.557732408
5/16/2013,5,0.550841547
5/17/2013,5,0.547905702
5/18/2013,5,0.60587151
5/19/2013,5,0.554771841
5/20/2013,5,0.538343508
5/21/2013,5,0.531923883
5/22/2013,5,0.548950646
5/23/2013,5,0.534410606
5/24/2013,5,0.535841295
5/25/2013,5,0.611996727
5/26/2013,5,0.522766603
5/27/2013,5,0.558051438
5/28/2013,5,0.55948973
5/29/2013,5,0.563244492
5/30/2013,5,0.55227678
5/31/2013,5,0.522101624
6/1/2013,5,0.558883832
6/2/2013,5,0.543141207
6/3/2013,5,0.560607112
6/4/2013,5,0.54404932
6/5/2013,5,0.556304777
6/6/2013,5,0.551997192
6/7/2013,5,0.549025059
6/8/2013,5,0.553611333
6/9/2013,5,0.565539984
6/10/2013,5,0.544767565
6/11/2013,5,0.550786312
6/12/2013,5,0.567582244
6/13/2013,5,0.557846886
6/14/2013,5,0.569909746
6/15/2013,5,0.581711866
6/16/2013,5,0.568873869
6/17/2013,5,0.567394184
6/18/2013,5,0.557123392
6/19/2013,5,0.558069763
6/20/2013,5,0.55781338
6/21/2013,5,0.565700916
6/22/2013,5,0.615532709
6/23/2013,5,0.571651215
6/24/2013,5,0.566017537
6/25/2013,5,0.564874881
6/26/2013,5,0.555773879
6/27/2013,5,0.550053187
6/28/2013,5,0.567255474
6/29/2013,5,0.596283587
6/30/2013,5,0.557830883
7/1/2013,5,0.559829567
7/2/2013,5,0.5685142
7/3/2013,5,0.565546785
7/4/2013,5,0.565646083
7/5/2013,5,0.567956308
7/6/2013,5,0.525923717
7/7/2013,5,0.587557919
7/8/2013,5,0.556544951
7/9/2013,5,0.561878026
7/10/2013,5,0.558164497
7/11/2013,5,0.544714215
7/12/2013,5,0.551802086
7/13/2013,5,0.547009781
7/14/2013,5,0.571984722
7/15/2013,5,0.544616927
7/16/2013,5,0.557135093
7/17/2013,5,0.568423794
7/18/2013,5,0.546925957
7/19/2013,5,0.555848841
7/20/2013,5,0.546362773
7/21/2013,5,0.536800565
7/22/2013,5,0.573616127
7/23/2013,5,0.577495134
7/24/2013,5,0.576852772
7/25/2013,5,0.57273866
7/26/2013,5,0.562980631
7/27/2013,5,0.608122434
7/28/2013,5,0.541197807
7/29/2013,5,0.568340817
7/30/2013,5,0.558423686
7/31/2013,5,0.556819217
8/1/2013,5,0.576412289
8/2/2013,5,0.561973326
8/3/2013,5,0.586190829
8/4/2013,5,0.547470188
8/5/2013,5,0.549211829
8/6/2013,5,0.565093981
8/7/2013,5,0.585556424
8/8/2013,5,0.566417708
8/9/2013,5,0.563770552
8/10/2013,5,0.599204265
8/11/2013,5,0.543839416
8/12/2013,5,0.56986284
8/13/2013,5,0.565862166
8/14/2013,5,0.558957434
8/15/2013,5,0.577765561
8/16/2013,5,0.571717562
8/17/2013,5,0.591629778
8/18/2013,5,0.548246286
8/19/2013,5,0.564247446
8/20/2013,5,0.569068356
8/21/2013,5,0.563720974
8/22/2013,5,0.554749127
8/23/2013,5,0.57811889
8/24/2013,5,0.555630228
8/25/2013,5,0.531378284
8/26/2013,5,0.576152439
8/27/2013,5,0.582687732
8/28/2013,5,0.56783189
8/29/2013,5,0.563909617
8/30/2013,5,0.585907674
8/31/2013,5,0.573209441
9/1/2013,5,0.566960819
9/2/2013,5,0.631685076
9/3/2013,5,0.559017188
9/4/2013,5,0.579722615
9/5/2013,5,0.565826342
9/6/2013,5,0.569429942
9/7/2013,5,0.563812822
9/8/2013,5,0.528071249
9/9/2013,5,0.580509339
9/10/2013,5,0.570362609
9/11/2013,5,0.574802588
9/12/2013,5,0.571798008
9/13/2013,5,0.553240249
9/14/2013,5,0.600704716
9/15/2013,5,0.537894615
9/16/2013,5,0.575592313
9/17/2013,5,0.560268764
9/18/2013,5,0.585758467
9/19/2013,5,0.562243105
9/20/2013,5,0.596875339
9/21/2013,5,0.562651409
9/22/2013,5,0.556179717
9/23/2013,5,0.578345906
9/24/2013,5,0.564452886
9/25/2013,5,0.561513841
9/26/2013,5,0.562902457
9/27/2013,5,0.577668454
9/28/2013,5,0.593722268
9/29/2013,5,0.536532968
9/30/2013,5,0.571066107
10/1/2013,5,0.550250771
10/2/2013,5,0.55668988
10/3/2013,5,0.533567306
10/4/2013,5,0.575700392
10/5/2013,5,0.555582237
10/6/2013,5,0.558198404
10/7/2013,5,0.568540137
10/8/2013,5,0.56591101
10/9/2013,5,0.560348614
10/10/2013,5,0.557061988
10/11/2013,5,0.560258737
10/12/2013,5,0.635493825
10/13/2013,5,0.525595174
10/14/2013,5,0.56209856
10/15/2013,5,0.567804132
10/16/2013,5,0.561902279
10/17/2013,5,0.55813702
10/18/2013,5,0.572350492
10/19/2013,5,0.58204824
10/20/2013,5,0.55907974
10/21/2013,5,0.567524018
10/22/2013,5,0.564291216
10/23/2013,5,0.566242614
10/24/2013,5,0.578063249
10/25/2013,5,0.580810813
10/26/2013,5,0.609645793
10/27/2013,5,0.557530175
10/28/2013,5,0.583494159
10/29/2013,5,0.575205427
10/30/2013,5,0.573187525
10/31/2013,5,0.557322559
11/1/2013,5,0.566317233
11/2/2013,5,0.63905671
11/3/2013,5,0.562132559
11/4/2013,5,0.580734755
11/5/2013,5,0.573612346
11/6/2013,5,0.56829447
11/7/2013,5,0.565855849
11/8/2013,5,0.558067479
11/9/2013,5,0.616690667
11/10/2013,5,0.569381179
11/11/2013,5,0.57849071
11/12/2013,5,0.566188477
11/13/2013,5,0.579186099
11/14/2013,5,0.572031765
11/15/2013,5,0.579709926
11/16/2013,5,0.582452583
11/17/2013,5,0.565808263
11/18/2013,5,0.573673401
11/19/2013,5,0.569201331
11/20/2013,5,0.581147616
11/21/2013,5,0.580700688
11/22/2013,5,0.574519083
11/23/2013,5,0.565295225
11/24/2013,5,0.554375958
11/25/2013,5,0.578460678
11/26/2013,5,0.564872591
11/27/2013,5,0.566208767
11/28/2013,5,0.491139163
11/29/2013,5,0.580949736
11/30/2013,5,0.563377814
12/1/2013,5,0.540213627
12/2/2013,5,0.579895597
12/3/2013,5,0.582169923
12/4/2013,5,0.601852654
12/5/2013,5,0.573066276
12/6/2013,5,0.576854646
12/7/2013,5,0.575162799
12/8/2013,5,0.59292152
12/9/2013,5,0.579575337
12/10/2013,5,0.572129591
12/11/2013,5,0.590450025
12/12/2013,5,0.576339297
12/13/2013,5,0.605023454
12/14/2013,5,0.576592889
12/15/2013,5,0.574561433
12/16/2013,5,0.59791928
12/17/2013,5,0.586739419
12/18/2013,5,0.582721031
12/19/2013,5,0.585413993
12/20/2013,5,0.600146419
12/21/2013,5,0.587298352
12/22/2013,5,0.596795032
12/23/2013,5,0.586929475
12/24/2013,5,0.602691559
12/25/2013,5,0.645
12/26/2013,5,0.572757685
12/27/2013,5,0.617947852
12/28/2013,5,0.617635139
12/29/2013,5,0.593651568
12/30/2013,5,0.607764542
12/31/2013,5,0.594453284
1/1/2014,5,0.570150512
1/2/2014,5,0.578731617
1/3/2014,5,0.600014055
1/4/2014,5,0.569709567
1/5/2014,5,0.605245735
1/6/2014,5,0.587693114
1/7/2014,5,0.587682582
1/8/2014,5,0.598630533
1/9/2014,5,0.588625337
1/10/2014,5,0.636461819
1/11/2014,5,0.577642226
1/12/2014,5,0.558300484
1/13/2014,5,0.583865075
1/14/2014,5,0.597070892
1/15/2014,5,0.597581609
1/16/2014,5,0.587227037
1/17/2014,5,0.614950248
1/18/2014,5,0.623632123
1/19/2014,5,0.582715578
1/20/2014,5,0.588706034
1/21/2014,5,0.594687231
1/22/2014,5,0.605213851
1/23/2014,5,0.593866241
1/24/2014,5,0.59819598
1/25/2014,5,0.608726039
1/26/2014,5,0.532854278
1/27/2014,5,0.589521701
1/28/2014,5,0.582282768
1/29/2014,5,0.593408663
1/30/2014,5,0.595011072
1/31/2014,5,0.59126213
2/1/2014,5,0.608904477
2/2/2014,5,0.576760196
2/3/2014,5,0.59658409
2/4/2014,5,0.596966351
2/5/2014,5,0.573890648
2/6/2014,5,0.586815559
2/7/2014,5,0.581151477
2/8/2014,5,0.584166382
2/9/2014,5,0.543178298
2/10/2014,5,0.58703269
2/11/2014,5,0.570899659
2/12/2014,5,0.581137106
2/13/2014,5,0.595436985
2/14/2014,5,0.605020097
2/15/2014,5,0.60388134
2/16/2014,5,0.554002376
2/17/2014,5,0.596941651
2/18/2014,5,0.583334289
2/19/2014,5,0.588828833
2/20/2014,5,0.571832958
2/21/2014,5,0.611680704
2/22/2014,5,0.594161252
2/23/2014,5,0.536598932
2/24/2014,5,0.581883471
2/25/2014,5,0.583187514
2/26/2014,5,0.575674991
2/27/2014,5,0.573004401
2/28/2014,5,0.607596999
3/1/2014,5,0.613249687
3/2/2014,5,0.557890789
3/3/2014,5,0.59115777
3/4/2014,5,0.607081303
3/5/2014,5,0.615865357
3/6/2014,5,0.580639633
3/7/2014,5,0.61133476
3/8/2014,5,0.555014801
3/9/2014,5,0.554257084
3/10/2014,5,0.583911295
3/11/2014,5,0.570838716
3/12/2014,5,0.585052476
3/13/2014,5,0.586225965
3/14/2014,5,0.616400496
3/15/2014,5,0.632491844
3/16/2014,5,0.587741042
3/17/2014,5,0.586909613
3/18/2014,5,0.583700335
3/19/2014,5,0.585222071
3/20/2014,5,0.569150389
3/21/2014,5,0.650377646
3/22/2014,5,0.627503083
3/23/2014,5,0.591158714
3/24/2014,5,0.581068646
3/25/2014,5,0.579305164
3/26/2014,5,0.579763501
3/27/2014,5,0.53612977
3/28/2014,5,0.605055049
3/29/2014,5,0.604566541
3/30/2014,5,0.52343975
3/31/2014,5,0.525234704
4/1/2014,5,0.525147501
4/2/2014,5,0.5417768
4/3/2014,5,0.526665535
4/4/2014,5,0.692938452
4/5/2014,5,0.60250642
4/6/2014,5,0.50895174
4/7/2014,5,0.534746915
4/8/2014,5,0.535431729
4/9/2014,5,0.535814367
4/10/2014,5,0.54028306
4/11/2014,5,0.694769012
4/12/2014,5,0.571125765
4/13/2014,5,0.535260123
4/14/2014,5,0.537637197
4/15/2014,5,0.543598981
4/16/2014,5,0.551904742
4/17/2014,5,0.550608583
4/18/2014,5,0.69835808
4/19/2014,5,0.583275877
4/20/2014,5,0.541202044
4/21/2014,5,0.536183629
4/22/2014,5,0.549641017
4/23/2014,5,0.551055702
4/24/2014,5,0.553032999
4/25/2014,5,0.698476252
4/26/2014,5,0.562361735
4/27/2014,5,0.523489982
4/28/2014,5,0.560166687
4/29/2014,5,0.547183239
4/30/2014,5,0.553866338
5/1/2014,5,0.552689575
5/2/2014,5,0.704844571
5/3/2014,5,0.587376196
5/4/2014,5,0.48756856
5/5/2014,5,0.540852878
5/6/2014,5,0.536540172
5/7/2014,5,0.543115316
5/8/2014,5,0.544685333
5/9/2014,5,0.692055753
5/10/2014,5,0.565305414
5/11/2014,5,0.530115871
5/12/2014,5,0.510512441
5/13/2014,5,0.528374086
5/14/2014,5,0.524536925
5/15/2014,5,0.526968435
5/16/2014,5,0.678205882
5/17/2014,5,0.551802147
5/18/2014,5,0.575969915
5/19/2014,5,0.521753469
5/20/2014,5,0.513340754
5/21/2014,5,0.526595875
5/22/2014,5,0.536515084
5/23/2014,5,0.691627137
5/24/2014,5,0.592505548
5/25/2014,5,0.512267075
5/26/2014,5,0.475549478
5/27/2014,5,0.523039322
5/28/2014,5,0.524150858
5/29/2014,5,0.528448048
5/30/2014,5,0.697261423
5/31/2014,5,0.517559396
6/1/2014,5,0.532882045
6/2/2014,5,0.509863223
6/3/2014,5,0.524982349
6/4/2014,5,0.520735844
6/5/2014,5,0.527322997
6/6/2014,5,0.694166292
6/7/2014,5,0.548681304
6/8/2014,5,0.505551582
6/9/2014,5,0.52237886
6/10/2014,5,0.533815089
6/11/2014,5,0.52307323
6/12/2014,5,0.518716125
6/13/2014,5,0.688908329
6/14/2014,5,0.567648482
6/15/2014,5,0.540537136
6/16/2014,5,0.520574227
6/17/2014,5,0.531657673
6/18/2014,5,0.528377066
6/19/2014,5,0.515683332
6/20/2014,5,0.682125932
6/21/2014,5,0.56361546
6/22/2014,5,0.528708652
6/23/2014,5,0.509491772
6/24/2014,5,0.527724102
6/25/2014,5,0.527395484
6/26/2014,5,0.537441499
6/27/2014,5,0.703982953
6/28/2014,5,0.600184864
6/29/2014,5,0.578527595
6/30/2014,5,0.500354706
7/1/2014,5,0.536070766
7/2/2014,5,0.531938394
7/3/2014,5,0.52476528
7/4/2014,5,0.773739229
7/5/2014,5,0.517553034
7/6/2014,5,0.495781222
7/7/2014,5,0.512549734
7/8/2014,5,0.510370882
7/9/2014,5,0.513721794
7/10/2014,5,0.52160781
7/11/2014,5,0.702613165
7/12/2014,5,0.543237923
7/13/2014,5,0.536015423
7/14/2014,5,0.52506485
7/15/2014,5,0.521145804
7/16/2014,5,0.522731045
7/17/2014,5,0.545722982
7/18/2014,5,0.694453373
7/19/2014,5,0.567863944
7/20/2014,5,0.557690643
7/21/2014,5,0.534588498
7/22/2014,5,0.529304673
7/23/2014,5,0.532938985
7/24/2014,5,0.528583271
7/25/2014,5,0.700165738
7/26/2014,5,0.582561475
7/27/2014,5,0.541761615
7/28/2014,5,0.514364588
7/29/2014,5,0.527856983
7/30/2014,5,0.533771398
7/31/2014,5,0.535751984
8/1/2014,5,0.701351925
8/2/2014,5,0.597695867
8/3/2014,5,0.518080275
8/4/2014,5,0.514500168
8/5/2014,5,0.52059712
8/6/2014,5,0.52236413
8/7/2014,5,0.520419636
8/8/2014,5,0.711723397
8/9/2014,5,0.59572391
8/10/2014,5,0.536548941
8/11/2014,5,0.510579542
8/12/2014,5,0.51326154
8/13/2014,5,0.534955197
8/14/2014,5,0.537943971
8/15/2014,5,0.706201998
8/16/2014,5,0.5522161
8/17/2014,5,0.522473178
8/18/2014,5,0.515363138
8/19/2014,5,0.51922364
8/20/2014,5,0.53942159
8/21/2014,5,0.529234975
8/22/2014,5,0.68697543
8/23/2014,5,0.611995771
8/24/2014,5,0.503075051
8/25/2014,5,0.525823581
8/26/2014,5,0.544577814
8/27/2014,5,0.534620405
8/28/2014,5,0.533992541
8/29/2014,5,0.700341999
8/30/2014,5,0.58972641
8/31/2014,5,0.523212069
9/1/2014,5,0.534577068
9/2/2014,5,0.523387575
9/3/2014,5,0.539401421
9/4/2014,5,0.534600955
9/5/2014,5,0.682860654
9/6/2014,5,0.612664067
9/7/2014,5,0.554211539
9/8/2014,5,0.533425636
9/9/2014,5,0.542660559
9/10/2014,5,0.535638066
9/11/2014,5,0.528284087
9/12/2014,5,0.681160954
9/13/2014,5,0.609136871
9/14/2014,5,0.535253522
9/15/2014,5,0.530148008
9/16/2014,5,0.54117799
9/17/2014,5,0.550091612
9/18/2014,5,0.543264413
9/19/2014,5,0.687745647
9/20/2014,5,0.562325017
9/21/2014,5,0.543022964
9/22/2014,5,0.5445135
9/23/2014,5,0.54321685
9/24/2014,5,0.547820907
9/25/2014,5,0.541821434
9/26/2014,5,0.690185313
9/27/2014,5,0.540045049
9/28/2014,5,0.538926434
9/29/2014,5,0.537939089
9/30/2014,5,0.54052697
10/1/2014,5,0.542578176
10/2/2014,5,0.543621335
10/3/2014,5,0.683548817
10/4/2014,5,0.611760641
10/5/2014,5,0.568833334
10/6/2014,5,0.534727108
10/7/2014,5,0.534239959
10/8/2014,5,0.54875396
10/9/2014,5,0.539267475
10/10/2014,5,0.68323017
10/11/2014,5,0.580070669
10/12/2014,5,0.517721674
10/13/2014,5,0.528573137
10/14/2014,5,0.528350222
10/15/2014,5,0.536461475
10/16/2014,5,0.544110711
10/17/2014,5,0.669530695
10/18/2014,5,0.589264212
10/19/2014,5,0.552840865
10/20/2014,5,0.522553828
10/21/2014,5,0.545126686
10/22/2014,5,0.542418736
10/23/2014,5,0.547085894
10/24/2014,5,0.682260044
10/25/2014,5,0.563909873
10/26/2014,5,0.560195717
10/27/2014,5,0.542129622
10/28/2014,5,0.541672086
10/29/2014,5,0.558048674
10/30/2014,5,0.556751534
10/31/2014,5,0.6917421
11/1/2014,5,0.564426453
11/2/2014,5,0.618551346
11/3/2014,5,0.571269143
11/4/2014,5,0.584863401
11/5/2014,5,0.58522904
11/6/2014,5,0.578908482
11/7/2014,5,0.58108397
11/8/2014,5,0.633235218
11/9/2014,5,0.620310139
11/10/2014,5,0.564343196
11/11/2014,5,0.573960621
11/12/2014,5,0.577750084
11/13/2014,5,0.576406807
11/14/2014,5,0.586070646
11/15/2014,5,0.643502572
11/16/2014,5,0.595101816
11/17/2014,5,0.573981933
11/18/2014,5,0.591898556
11/19/2014,5,0.586670205
11/20/2014,5,0.591038912
11/21/2014,5,0.597085088
11/22/2014,5,0.680788042
11/23/2014,5,0.576266448
11/24/2014,5,0.577519146
11/25/2014,5,0.567231488
11/26/2014,5,0.579341956
11/27/2014,5,0.637812112
11/28/2014,5,0.592346991
11/29/2014,5,0.618051718
11/30/2014,5,0.66659887
12/1/2014,5,0.600536099
12/2/2014,5,0.585671706
12/3/2014,5,0.607003955
12/4/2014,5,0.595616845
12/5/2014,5,0.605436536
12/6/2014,5,0.649701827
12/7/2014,5,0.651721741
12/8/2014,5,0.583168386
12/9/2014,5,0.584181756
12/10/2014,5,0.595993067
12/11/2014,5,0.595292013
12/12/2014,5,0.598703697
12/13/2014,5,0.660869724
12/14/2014,5,0.612058781
12/15/2014,5,0.593163618
12/16/2014,5,0.586261521
12/17/2014,5,0.598914847
12/18/2014,5,0.596986336
12/19/2014,5,0.620708263
12/20/2014,5,0.644856769
12/21/2014,5,0.603231376
12/22/2014,5,0.59311754
12/23/2014,5,0.601131468
12/24/2014,5,0.592660362
12/25/2014,5,0.650656453
12/26/2014,5,0.605450048
12/27/2014,5,0.607246537
12/28/2014,5,0.617066861
12/29/2014,5,0.606715281
12/30/2014,5,0.61066753
12/31/2014,5,0.597671096
1/1/2015,5,0.58029671
1/2/2015,5,0.602827784
1/3/2015,5,0.627262368
1/4/2015,5,0.635451021
1/5/2015,5,0.592365527
1/6/2015,5,0.602943896
1/7/2015,5,0.602083972
1/8/2015,5,0.598887811
1/9/2015,5,0.599281971
1/10/2015,5,0.631586688
1/11/2015,5,0.616777486
1/12/2015,5,0.590643195
1/13/2015,5,0.603784623
1/14/2015,5,0.590827968
1/15/2015,5,0.596530886
1/16/2015,5,0.593067567
1/17/2015,5,0.658306327
1/18/2015,5,0.620966132
1/19/2015,5,0.597815747
1/20/2015,5,0.591088073
1/21/2015,5,0.593838569
1/22/2015,5,0.601035092
1/23/2015,5,0.587952327
1/24/2015,5,0.64791071
1/25/2015,5,0.652997462
1/26/2015,5,0.593844565
1/27/2015,5,0.603107528
1/28/2015,5,0.59459855
1/29/2015,5,0.594366771
1/30/2015,5,0.591655043
1/31/2015,5,0.650028644
2/1/2015,5,0.63605049
2/2/2015,5,0.584866148
2/3/2015,5,0.617727322
2/4/2015,5,0.598544303
2/5/2015,5,0.600286037
2/6/2015,5,0.599031874
2/7/2015,5,0.678886689
2/8/2015,5,0.635116982
2/9/2015,5,0.593994822
2/10/2015,5,0.602868814
2/11/2015,5,0.588272033
2/12/2015,5,0.612690059
2/13/2015,5,0.599797841
2/14/2015,5,0.662765917
2/15/2015,5,0.660932553
2/16/2015,5,0.593540478
2/17/2015,5,0.60301418
2/18/2015,5,0.604552715
2/19/2015,5,0.599711481
2/20/2015,5,0.623596638
2/21/2015,5,0.693524665
2/22/2015,5,0.634775306
2/23/2015,5,0.586855129
2/24/2015,5,0.605762314
2/25/2015,5,0.60838178
2/26/2015,5,0.607604777
2/27/2015,5,0.613902329
2/28/2015,5,0.648737933
3/1/2015,5,0.615481254
3/2/2015,5,0.598394591
3/3/2015,5,0.61365399
3/4/2015,5,0.59886577
3/5/2015,5,0.596084052
3/6/2015,5,0.625710363
3/7/2015,5,0.633696493
3/8/2015,5,0.648393889
3/9/2015,5,0.601472983
3/10/2015,5,0.607651864
3/11/2015,5,0.597905837
3/12/2015,5,0.59293979
3/13/2015,5,0.604119837
3/14/2015,5,0.670172299
3/15/2015,5,0.619514193
3/16/2015,5,0.600633092
3/17/2015,5,0.596982023
3/18/2015,5,0.618837843
3/19/2015,5,0.587752644
3/20/2015,5,0.61561536
3/21/2015,5,0.642470385
3/22/2015,5,0.629255141
3/23/2015,5,0.595094522
3/24/2015,5,0.599458454
3/25/2015,5,0.606746808
3/26/2015,5,0.619535075
3/27/2015,5,0.621009695
3/28/2015,5,0.606806309
3/29/2015,5,0.61973548
3/30/2015,5,0.594841835
3/31/2015,5,0.594350177
4/1/2015,5,0.608312319
4/2/2015,5,0.609396376
4/3/2015,5,0.591833414
4/4/2015,5,0.641467902
4/5/2015,5,0.634909075
4/6/2015,5,0.604560123
4/7/2015,5,0.61777796
4/8/2015,5,0.605418357
4/9/2015,5,0.602012314
4/10/2015,5,0.602537474
4/11/2015,5,0.642087397
4/12/2015,5,0.664992839
4/13/2015,5,0.609550392
4/14/2015,5,0.592303245
4/15/2015,5,0.611724953
4/16/2015,5,0.607108257
4/17/2015,5,0.615960963
4/18/2015,5,0.611864413
4/19/2015,5,0.626822146
4/20/2015,5,0.60134675
4/21/2015,5,0.609421905
4/22/2015,5,0.615143731
4/23/2015,5,0.608060055
4/24/2015,5,0.601736771
4/25/2015,5,0.628240111
4/26/2015,5,0.639188169
4/27/2015,5,0.598985874
4/28/2015,5,0.593757141
4/29/2015,5,0.598590665
4/30/2015,5,0.609789711
5/1/2015,5,0.592590968
5/2/2015,5,0.611440328
5/3/2015,5,0.640390661
5/4/2015,5,0.603533229
5/5/2015,5,0.60936081
5/6/2015,5,0.604931295
5/7/2015,5,0.599476986
5/8/2015,5,0.596412002
5/9/2015,5,0.624427151
5/10/2015,5,0.633489972
5/11/2015,5,0.599382086
5/12/2015,5,0.605373956
5/13/2015,5,0.606062102
5/14/2015,5,0.615006941
5/15/2015,5,0.613101895
5/16/2015,5,0.626179512
5/17/2015,5,0.636567792
5/18/2015,5,0.588896045
5/19/2015,5,0.611101762
5/20/2015,5,0.595105398
5/21/2015,5,0.600121351
5/22/2015,5,0.588129593
5/23/2015,5,0.594969376
5/24/2015,5,0.622843571
5/25/2015,5,0.604861317
5/26/2015,5,0.601550469
5/27/2015,5,0.596953986
5/28/2015,5,0.596177896
5/29/2015,5,0.597830799
5/30/2015,5,0.629951787
5/31/2015,5,0.660921462
6/1/2015,5,0.595448359
6/2/2015,5,0.600260393
6/3/2015,5,0.605524432
6/4/2015,5,0.615843137
6/5/2015,5,0.615163751
6/6/2015,5,0.623994531
6/7/2015,5,0.658051967
6/8/2015,5,0.589174681
6/9/2015,5,0.611437223
6/10/2015,5,0.61743527
6/11/2015,5,0.612168196
6/12/2015,5,0.598511027
6/13/2015,5,0.64023235
6/14/2015,5,0.641137755
6/15/2015,5,0.601300825
6/16/2015,5,0.611663054
6/17/2015,5,0.603999561
6/18/2015,5,0.613412527
6/19/2015,5,0.613285783
6/20/2015,5,0.603084673
6/21/2015,5,0.643246703
6/22/2015,5,0.601119685
6/23/2015,5,0.614416077
6/24/2015,5,0.613683205
6/25/2015,5,0.614709642
6/26/2015,5,0.600004043
6/27/2015,5,0.611567884
6/28/2015,5,0.627711481
6/29/2015,5,0.599057936
6/30/2015,5,0.587984919
7/1/2015,5,0.602809005
7/2/2015,5,0.597314938
7/3/2015,5,0.603647112
7/4/2015,5,0.66047704
7/5/2015,5,0.635371179
7/6/2015,5,0.612364489
7/7/2015,5,0.61551238
7/8/2015,5,0.615961867
7/9/2015,5,0.600311861
7/10/2015,5,0.609910436
7/11/2015,5,0.593187989
7/12/2015,5,0.64496325
7/13/2015,5,0.598046575
7/14/2015,5,0.605457853
7/15/2015,5,0.606441869
7/16/2015,5,0.601273053
7/17/2015,5,0.599602088
7/18/2015,5,0.634128987
7/19/2015,5,0.663100792
7/20/2015,5,0.592228789
7/21/2015,5,0.600927336
7/22/2015,5,0.610738538
7/23/2015,5,0.612406696
7/24/2015,5,0.590444154
7/25/2015,5,0.615613996
7/26/2015,5,0.650305949
7/27/2015,5,0.592996859
7/28/2015,5,0.604459263
7/29/2015,5,0.598054376
7/30/2015,5,0.606963832
7/31/2015,5,0.598495344
8/1/2015,5,0.610542925
8/2/2015,5,0.621005703
8/3/2015,5,0.595999116
8/4/2015,5,0.608917906
8/5/2015,5,0.601935875
8/6/2015,5,0.607285949
8/7/2015,5,0.600938075
8/8/2015,5,0.640691093
8/9/2015,5,0.651765874
8/10/2015,5,0.601161552
8/11/2015,5,0.599864849
8/12/2015,5,0.603272364
8/13/2015,5,0.600868127
8/14/2015,5,0.610349979
8/15/2015,5,0.623909758
8/16/2015,5,0.660570676
8/17/2015,5,0.592254027
8/18/2015,5,0.599248619
8/19/2015,5,0.608948205
8/20/2015,5,0.618345645
8/21/2015,5,0.608103211
8/22/2015,5,0.624782789
8/23/2015,5,0.672485955
8/24/2015,5,0.595996304
8/25/2015,5,0.607971707
8/26/2015,5,0.612332769
8/27/2015,5,0.605995848
8/28/2015,5,0.605404187
8/29/2015,5,0.591495732
8/30/2015,5,0.636598355
8/31/2015,5,0.604516035
9/1/2015,5,0.596935948
9/2/2015,5,0.60603063
9/3/2015,5,0.596134084
9/4/2015,5,0.602757481
9/5/2015,5,0.582557946
9/6/2015,5,0.611625326
9/7/2015,5,0.62100944
9/8/2015,5,0.601392631
9/9/2015,5,0.602544236
9/10/2015,5,0.606955811
9/11/2015,5,0.608833468
9/12/2015,5,0.576187091
9/13/2015,5,0.681145185
9/14/2015,5,0.594874925
9/15/2015,5,0.598351565
9/16/2015,5,0.595515422
9/17/2015,5,0.60409212
9/18/2015,5,0.596379202
9/19/2015,5,0.596546425
9/20/2015,5,0.641514847
9/21/2015,5,0.587986218
9/22/2015,5,0.607573868
9/23/2015,5,0.59787593
9/24/2015,5,0.61128255
9/25/2015,5,0.601108085
9/26/2015,5,0.597098944
9/27/2015,5,0.619031169
9/28/2015,5,0.597574245
9/29/2015,5,0.606096472
9/30/2015,5,0.606677282
10/1/2015,5,0.60063031
10/2/2015,5,0.606393532
10/3/2015,5,0.598329721
10/4/2015,5,0.639338606
10/5/2015,5,0.596241759
10/6/2015,5,0.612865666
10/7/2015,5,0.59058284
10/8/2015,5,0.603615983
10/9/2015,5,0.608977554
10/10/2015,5,0.60486516
10/11/2015,5,0.642993421
10/12/2015,5,0.599262433
10/13/2015,5,0.602199099
10/14/2015,5,0.608614879
10/15/2015,5,0.604408233
10/16/2015,5,0.587467004
10/17/2015,5,0.608018834
10/18/2015,5,0.624613344
10/19/2015,5,0.59646014
10/20/2015,5,0.602723611
10/21/2015,5,0.608259044
10/22/2015,5,0.598287264
10/23/2015,5,0.608246925
10/24/2015,5,0.60693785
10/25/2015,5,0.639575323
10/26/2015,5,0.599923292
10/27/2015,5,0.592690951
10/28/2015,5,0.604697949
10/29/2015,5,0.60247244
10/30/2015,5,0.611312337
10/31/2015,5,0.637678159
11/1/2015,5,1.106149446
11/2/2015,5,0.603614096
11/3/2015,5,0.604780612
11/4/2015,5,0.610502476
11/5/2015,5,0.607326715
11/6/2015,5,0.587096446
11/7/2015,5,0.619769375
11/8/2015,5,0.679480336
11/9/2015,5,0.611406601
11/10/2015,5,0.610755843
11/11/2015,5,0.607984156
11/12/2015,5,0.611143393
11/13/2015,5,0.587887194
11/14/2015,5,0.651950652
11/15/2015,5,0.654630775
11/16/2015,5,0.595104797
11/17/2015,5,0.618489336
11/18/2015,5,0.608251972
11/19/2015,5,0.604806351
11/20/2015,5,0.591489427
11/21/2015,5,0.596133998
11/22/2015,5,0.64503657
11/23/2015,5,0.598874241
11/24/2015,5,0.609044066
11/25/2015,5,0.612905946
11/26/2015,5,0.600301446
11/27/2015,5,0.595340597
11/28/2015,5,0.62145652
11/29/2015,5,0.659466637
11/30/2015,5,0.616652828
12/1/2015,5,0.636137672
12/2/2015,5,0.617329902
12/3/2015,5,0.624946081
12/4/2015,5,0.592821299
12/5/2015,5,0.623998498
12/6/2015,5,0.652275531
12/7/2015,5,0.600194828
12/8/2015,5,0.610211205
12/9/2015,5,0.621043445
12/10/2015,5,0.610137598
12/11/2015,5,0.592489582
12/12/2015,5,0.62435527
12/13/2015,5,0.6476285
12/14/2015,5,0.615667496
12/15/2015,5,0.60628769
12/16/2015,5,0.615996299
12/17/2015,5,0.614988405
12/18/2015,5,0.609030957
12/19/2015,5,0.65081903
12/20/2015,5,0.652296504
12/21/2015,5,0.611741245
12/22/2015,5,0.61068732
12/23/2015,5,0.621544971
12/24/2015,5,0.610533716
12/25/2015,5,0.647390839
12/26/2015,5,0.702134023
12/27/2015,5,0.61616684
12/28/2015,5,0.620033241
12/29/2015,5,0.624980188
12/30/2015,5,0.618172311
12/31/2015,5,0.614572438
1/1/2016,5,0.587078353
1/2/2016,5,0.625581418
1/3/2016,5,0.675846062
1/4/2016,5,0.609398284
1/5/2016,5,0.625006754
1/6/2016,5,0.614071663
1/7/2016,5,0.580773505
1/8/2016,5,0.603348962
1/9/2016,5,0.634703602
1/10/2016,5,0.649159967
1/11/2016,5,0.591269505
1/12/2016,5,0.621298779
1/13/2016,5,0.614702258
1/14/2016,5,0.614296831
1/15/2016,5,0.599823565
1/16/2016,5,0.630510657
1/17/2016,5,0.667257451
1/18/2016,5,0.619863257
1/19/2016,5,0.615306298
1/20/2016,5,0.611609033
1/21/2016,5,0.615973442
1/22/2016,5,0.600840855
1/23/2016,5,0.65810576
1/24/2016,5,0.646258678
1/25/2016,5,0.616141341
1/26/2016,5,0.614825164
1/27/2016,5,0.616887295
1/28/2016,5,0.623080126
1/29/2016,5,0.600859637
1/30/2016,5,0.645972468
1/31/2016,5,0.660361143
2/1/2016,5,0.608304846
2/2/2016,5,0.617665509
2/3/2016,5,0.612292714
2/4/2016,5,0.615916108
2/5/2016,5,0.612630621
2/6/2016,5,0.65200728
2/7/2016,5,0.613370888
2/8/2016,5,0.613750084
2/9/2016,5,0.62603805
2/10/2016,5,0.61454483
2/11/2016,5,0.615407371
2/12/2016,5,0.60341302
2/13/2016,5,0.637396177
2/14/2016,5,0.668987571
2/15/2016,5,0.617685564
2/16/2016,5,0.621716415
2/17/2016,5,0.627242151
2/18/2016,5,0.62210376
2/19/2016,5,0.596102629
2/20/2016,5,0.634789143
2/21/2016,5,0.65730466
2/22/2016,5,0.602069675
2/23/2016,5,0.612581938
2/24/2016,5,0.618204643
2/25/2016,5,0.605668155
2/26/2016,5,0.60809225
2/27/2016,5,0.664071128
2/28/2016,5,0.651015339
2/29/2016,5,0.614068305
3/1/2016,5,0.619085254
3/2/2016,5,0.62695134
3/3/2016,5,0.62111176
3/4/2016,5,0.610166284
3/5/2016,5,0.63895008
3/6/2016,5,0.662125261
3/7/2016,5,0.612711736
3/8/2016,5,0.605691743
3/9/2016,5,0.614940083
3/10/2016,5,0.609367673
3/11/2016,5,0.600632516
3/12/2016,5,0.632594015
3/13/2016,5,0.673607303
3/14/2016,5,0.607624414
3/15/2016,5,0.611974162
3/16/2016,5,0.613378874
3/17/2016,5,0.61577399
3/18/2016,5,0.60287357
3/19/2016,5,0.629450362
3/20/2016,5,0.663549475
3/21/2016,5,0.597235113
3/22/2016,5,0.611311527
3/23/2016,5,0.619089
3/24/2016,5,0.605437058
3/25/2016,5,0.598170481
3/26/2016,5,0.645368259
3/27/2016,5,0.631809255
3/28/2016,5,0.609668729
3/29/2016,5,0.621465597
3/30/2016,5,0.628203152
3/31/2016,5,0.616908471
4/1/2016,5,0.612082398
4/2/2016,5,0.612239332
4/3/2016,5,0.676865626
4/4/2016,5,0.617695298
4/5/2016,5,0.610445119
4/6/2016,5,0.618900398
4/7/2016,5,0.623844784
4/8/2016,5,0.633226453
4/9/2016,5,0.649788506
4/10/2016,5,0.6643812
4/11/2016,5,0.618455128
4/12/2016,5,0.623634056
4/13/2016,5,0.613929448
4/14/2016,5,0.61733959
4/15/2016,5,0.606005652
4/16/2016,5,0.643055055
4/17/2016,5,0.652292148
4/18/2016,5,0.611416314
4/19/2016,5,0.622887489
4/20/2016,5,0.621695422
4/21/2016,5,0.619647363
4/22/2016,5,0.604764824
4/23/2016,5,0.628388144
4/24/2016,5,0.687619483
4/25/2016,5,0.609655055
4/26/2016,5,0.6094066
4/27/2016,5,0.626201566
4/28/2016,5,0.626307548
4/29/2016,5,0.615168471
4/30/2016,5,0.638399028
5/1/2016,5,-1.490136779
5/2/2016,5,0.612933893
5/3/2016,5,0.618993187
5/4/2016,5,0.624126723
5/5/2016,5,0.615059218
5/6/2016,5,0.61221073
5/7/2016,5,0.66244316
5/8/2016,5,0.671856344
5/9/2016,5,0.613967574
5/10/2016,5,0.610312645
5/11/2016,5,0.619771371
5/12/2016,5,0.616313607
5/13/2016,5,0.615081432
5/14/2016,5,0.622922052
5/15/2016,5,0.66506948
5/16/2016,5,0.607354765
5/17/2016,5,0.617213205
5/18/2016,5,0.622099193
5/19/2016,5,0.631578793
5/20/2016,5,0.616008429
5/21/2016,5,0.628740785
5/22/2016,5,0.543997295
5/23/2016,5,0.615271699
5/24/2016,5,0.621950839
5/25/2016,5,0.612897211
5/26/2016,5,0.622851545
5/27/2016,5,0.597680171
5/28/2016,5,0.629965796
5/29/2016,5,0.656196639
5/30/2016,5,0.620694128
5/31/2016,5,0.624017064
6/1/2016,5,0.603241128
6/2/2016,5,0.615027229
6/3/2016,5,0.601511623
6/4/2016,5,0.629922165
6/5/2016,5,0.65425345
6/6/2016,5,0.611480349
6/7/2016,5,0.610203982
6/8/2016,5,0.624155623
6/9/2016,5,0.613088114
6/10/2016,5,0.612479561
6/11/2016,5,0.624692649
6/12/2016,5,0.670413617
6/13/2016,5,0.617013477
6/14/2016,5,0.622646857
6/15/2016,5,0.612655509
6/16/2016,5,0.623569874
6/17/2016,5,0.616741967
6/18/2016,5,0.617136269
6/19/2016,5,0.673764471
6/20/2016,5,0.610440817
6/21/2016,5,0.619900688
6/22/2016,5,0.625617521
6/23/2016,5,0.627688049
6/24/2016,5,0.618555876
6/25/2016,5,0.605818296
6/26/2016,5,0.646861704
6/27/2016,5,0.609329681
6/28/2016,5,0.621229736
6/29/2016,5,0.615804547
6/30/2016,5,0.609200165
7/1/2016,5,0.613356948
7/2/2016,5,0.626492422
7/3/2016,5,0.648846077
7/4/2016,5,0.643113032
7/5/2016,5,0.626342988
7/6/2016,5,0.619089806
7/7/2016,5,0.622883318
7/8/2016,5,0.612173273
7/9/2016,5,0.603480752
7/10/2016,5,0.693308892
7/11/2016,5,0.611193111
7/12/2016,5,0.613276217
7/13/2016,5,0.615433731
7/14/2016,5,0.614968354
7/15/2016,5,0.612706135
7/16/2016,5,0.607271527
7/17/2016,5,0.656893719
7/18/2016,5,0.620446121
7/19/2016,5,0.612622735
7/20/2016,5,0.622368732
7/21/2016,5,0.604823234
7/22/2016,5,0.612053879
7/23/2016,5,0.628976826
7/24/2016,5,0.673925327
7/25/2016,5,0.604625221
7/26/2016,5,0.615204725
7/27/2016,5,0.630893451
7/28/2016,5,0.62016551
7/29/2016,5,0.614378063
7/30/2016,5,0.625453912
7/31/2016,5,0.664581386
8/1/2016,5,0.621279222
8/2/2016,5,0.622240792
8/3/2016,5,0.62021577
8/4/2016,5,0.621625682
8/5/2016,5,0.625573119
8/6/2016,5,0.622959452
8/7/2016,5,0.643742613
8/8/2016,5,0.623138485
8/9/2016,5,0.609115804
8/10/2016,5,0.615379067
8/11/2016,5,0.609507736
8/12/2016,5,0.608972806
8/13/2016,5,0.631367979
8/14/2016,5,0.654504404
8/15/2016,5,0.604412031
8/16/2016,5,0.603225932
8/17/2016,5,0.615133488
8/18/2016,5,0.618970157
8/19/2016,5,0.604459106
8/20/2016,5,0.631317165
8/21/2016,5,0.663620456
8/22/2016,5,0.602662724
8/23/2016,5,0.624051732
8/24/2016,5,0.618492113
8/25/2016,5,0.603767228
8/26/2016,5,0.604755761
8/27/2016,5,0.647359154
8/28/2016,5,0.665829192
8/29/2016,5,0.599277679
8/30/2016,5,0.614441538
8/31/2016,5,0.612722687
9/1/2016,5,0.607208979
9/2/2016,5,0.605289936
9/3/2016,5,0.59715296
9/4/2016,5,0.616351457
9/5/2016,5,0.629640894
9/6/2016,5,0.604160433
9/7/2016,5,0.600672471
9/8/2016,5,0.598695973
9/9/2016,5,0.603719446
9/10/2016,5,0.596843125
9/11/2016,5,0.664163283
9/12/2016,5,0.584005192
9/13/2016,5,0.605749139
9/14/2016,5,0.604404415
9/15/2016,5,0.600933604
9/16/2016,5,0.602332299
9/17/2016,5,0.613194559
9/18/2016,5,0.661524818
9/19/2016,5,0.598815392
9/20/2016,5,0.607389803
9/21/2016,5,0.603834625
9/22/2016,5,0.599833568
9/23/2016,5,0.605842642
9/24/2016,5,0.601632243
9/25/2016,5,0.656245151
9/26/2016,5,0.602451714
9/27/2016,5,0.597114032
9/28/2016,5,0.602966915
9/29/2016,5,0.604370514
9/30/2016,5,0.599528665
10/1/2016,5,0.692479312
10/2/2016,5,0.624219455
10/3/2016,5,0.601616861
10/4/2016,5,0.597684131
10/5/2016,5,0.595599555
10/6/2016,5,0.602002416
10/7/2016,5,0.60081534
10/8/2016,5,0.6280684
10/9/2016,5,0.619871152
10/10/2016,5,0.59895194
10/11/2016,5,0.589673218
10/12/2016,5,0.597958187
10/13/2016,5,0.596968593
10/14/2016,5,0.591341481
10/15/2016,5,0.623714853
10/16/2016,5,0.614370058
10/17/2016,5,0.594105014
10/18/2016,5,0.593362418
10/19/2016,5,0.595601133
10/20/2016,5,0.596620912
10/21/2016,5,0.596029678
10/22/2016,5,0.634833638
10/23/2016,5,0.657889865
10/24/2016,5,0.599604247
10/25/2016,5,0.600842759
10/26/2016,5,0.606192301
10/27/2016,5,0.60007118
10/28/2016,5,0.609947578
10/29/2016,5,0.616102878
10/30/2016,5,0.643800909
10/31/2016,5,0.58476562
11/1/2016,5,0.598469565
11/2/2016,5,0.593680478
11/3/2016,5,0.591796455
11/4/2016,5,0.599293508
11/5/2016,5,0.593403259
11/6/2016,5,0.624163152
11/7/2016,5,0.592065854
11/8/2016,5,0.598026772
11/9/2016,5,0.604179025
11/10/2016,5,0.613474673
11/11/2016,5,0.590838595
11/12/2016,5,0.616975288
11/13/2016,5,0.630753536
11/14/2016,5,0.593136531
11/15/2016,5,0.6067746
11/16/2016,5,0.606719447
11/17/2016,5,0.600389307
11/18/2016,5,0.603578311
11/21/2016,5,0.603087434
11/19/2016,5,0.625680831
11/20/2016,5,0.613195108
11/22/2016,5,0.60703128
11/23/2016,5,0.602335083
11/24/2016,5,0.605185727
11/25/2016,5,0.605218134
11/26/2016,5,0.612167986
11/27/2016,5,0.647521008
11/28/2016,5,0.620892923
11/29/2016,5,0.618450991
11/30/2016,5,0.610849426
12/1/2016,5,0.613312952
12/2/2016,5,0.60187265
12/3/2016,5,0.645272193
12/4/2016,5,0.66903078
12/5/2016,5,0.59392976
12/6/2016,5,0.604714339
12/7/2016,5,0.607570802
12/8/2016,5,0.601796471
12/9/2016,5,0.61574678
12/10/2016,5,0.635071044
12/11/2016,5,0.662677982
12/12/2016,5,0.612838897
12/13/2016,5,0.613621022
12/14/2016,5,0.607966484
12/15/2016,5,0.602105006
12/16/2016,5,0.617897391
12/17/2016,5,0.641239728
12/18/2016,5,0.634062992
12/19/2016,5,0.594258802
12/20/2016,5,0.60038823
12/21/2016,5,0.616759917
12/22/2016,5,0.618892792
12/23/2016,5,0.602712258
12/24/2016,5,0.619398992
12/25/2016,5,0.735361163
12/26/2016,5,0.618167927
12/27/2016,5,0.614043715
12/28/2016,5,0.612461908
12/29/2016,5,0.627983418
12/30/2016,5,0.607196349
12/31/2016,5,0.664866986
1/1/2017,5,0.650744937
1/2/2017,5,0.620293377
1/3/2017,5,0.618233727
1/4/2017,5,0.616101708
1/5/2017,5,0.614741016
1/6/2017,5,0.608755734
1/7/2017,5,0.655246614
1/8/2017,5,0.674297281
1/9/2017,5,0.607314324
1/10/2017,5,0.607800357
1/11/2017,5,0.614462286
1/12/2017,5,0.607838879
1/13/2017,5,0.600944785
1/14/2017,5,0.641758749
1/15/2017,5,0.655336457
1/16/2017,5,0.609489894
1/17/2017,5,0.603676477
1/18/2017,5,0.616973564
1/19/2017,5,0.609477079
1/20/2017,5,0.608768089
1/21/2017,5,0.627229547
1/22/2017,5,0.666373029
1/23/2017,5,0.602465896
1/24/2017,5,0.612838447
1/25/2017,5,0.613542087
1/26/2017,5,0.608511897
1/27/2017,5,0.601235945
1/28/2017,5,0.61209026
1/29/2017,5,0.658025185
1/30/2017,5,0.594301628
1/31/2017,5,0.611749513
2/1/2017,5,0.602204845
2/2/2017,5,0.604411519
2/3/2017,5,0.602469737
2/4/2017,5,0.629154909
2/5/2017,5,0.621184988
2/6/2017,5,0.581694516
2/7/2017,5,0.61216813
2/8/2017,5,0.607200499
2/9/2017,5,0.614484372
2/10/2017,5,0.603552221
2/11/2017,5,0.64277611
2/12/2017,5,0.666325513
2/13/2017,5,0.586490316
2/14/2017,5,0.605671233
2/15/2017,5,0.606681107
2/16/2017,5,0.595357966
2/17/2017,5,0.595623152
2/18/2017,5,0.672585223
2/19/2017,5,0.67067332
2/20/2017,5,0.605251822
2/21/2017,5,0.598817902
2/22/2017,5,0.604657504
2/23/2017,5,0.6077161
2/24/2017,5,0.604083269
2/25/2017,5,0.644169754
2/26/2017,5,0.66239862
2/27/2017,5,0.586477485
2/28/2017,5,0.600928311
3/1/2017,5,0.597602138
3/2/2017,5,0.602112215
3/3/2017,5,0.587688443
3/4/2017,5,0.651153676
3/5/2017,5,0.641625774
3/6/2017,5,0.581227701
3/7/2017,5,0.591395969
3/8/2017,5,0.596493302
3/9/2017,5,0.591995382
3/10/2017,5,0.596352205
3/11/2017,5,0.639794338
3/12/2017,5,0.640871835
3/13/2017,5,0.58932448
3/14/2017,5,0.608147629
3/15/2017,5,0.598574916
3/16/2017,5,0.598198216
3/17/2017,5,0.607484637
3/18/2017,5,0.613120652
3/19/2017,5,0.655851299
3/20/2017,5,0.591220215
3/21/2017,5,0.60712865
3/22/2017,5,0.609624934
3/23/2017,5,0.6070646
3/24/2017,5,0.610672324
3/25/2017,5,0.610613399
3/26/2017,5,0.673258071
3/27/2017,5,0.596500935
3/28/2017,5,0.601077889
3/29/2017,5,0.606402461
3/30/2017,5,0.612095905
3/31/2017,5,0.620651124
4/1/2017,5,0.616170048
4/2/2017,5,0.659203023
4/3/2017,5,0.558158488
4/4/2017,5,0.567042121
4/5/2017,5,0.563451386
4/6/2017,5,0.562001904
4/7/2017,5,0.731995582
4/8/2017,5,0.547029601
4/9/2017,5,0.523639779
4/10/2017,5,0.552827646
4/11/2017,5,0.560265897
4/12/2017,5,0.563773564
4/13/2017,5,0.558079004
4/14/2017,5,0.733518387
4/15/2017,5,0.554741185
4/16/2017,5,0.489495193
4/17/2017,5,0.547199496
4/18/2017,5,0.565435041
4/19/2017,5,0.561590031
4/20/2017,5,0.565121965
4/21/2017,5,0.744909387
4/22/2017,5,0.540458864
4/23/2017,5,0.491519255
4/24/2017,5,0.552380941
4/25/2017,5,0.554756564
4/26/2017,5,0.557229027
4/27/2017,5,0.563726046
4/28/2017,5,0.745487302
4/29/2017,5,0.550710292
4/30/2017,5,0.506794353
5/1/2017,5,0.535689009
5/2/2017,5,0.550237884
5/3/2017,5,0.564502918
5/4/2017,5,0.552168832
5/5/2017,5,0.74252638
5/6/2017,5,0.563438135
5/7/2017,5,0.508281663
5/8/2017,5,0.536541169
5/9/2017,5,0.559984555
5/10/2017,5,0.566588261
5/11/2017,5,0.563676841
5/12/2017,5,0.74039269
5/13/2017,5,0.544201122
5/14/2017,5,0.557300652
5/15/2017,5,0.548048631
5/16/2017,5,0.56665829
5/17/2017,5,0.564163143
5/18/2017,5,0.562036212
5/19/2017,5,0.741509848
5/20/2017,5,0.558656361
5/21/2017,5,0.513739352
5/22/2017,5,0.542650938
5/23/2017,5,0.556116133
5/24/2017,5,0.560113598
5/25/2017,5,0.563839673
5/26/2017,5,0.745358899
5/27/2017,5,0.531041897
5/28/2017,5,0.530138396
5/29/2017,5,0.542501742
5/30/2017,5,0.547806792
5/31/2017,5,0.56458727
6/1/2017,5,0.561020943
6/2/2017,5,0.728013133
6/3/2017,5,0.553158219
6/4/2017,5,0.517362526
6/5/2017,5,0.548810619
6/6/2017,5,0.562591852
6/7/2017,5,0.569707861
6/8/2017,5,0.576642567
6/9/2017,5,0.747963752
6/10/2017,5,0.571956616
6/11/2017,5,0.528161328
6/12/2017,5,0.552037693
6/13/2017,5,0.570064902
6/14/2017,5,0.556983024
6/15/2017,5,0.558952957
6/16/2017,5,0.754442955
6/17/2017,5,0.570384414
6/18/2017,5,0.532046565
6/19/2017,5,0.554897518
6/20/2017,5,0.561680814
6/21/2017,5,0.567887331
6/22/2017,5,0.567937168
6/23/2017,5,0.75424424
6/24/2017,5,0.55490577
6/25/2017,5,0.507343899
6/26/2017,5,0.556602644
6/27/2017,5,0.566533001
6/28/2017,5,0.568472882
6/29/2017,5,0.565594963
6/30/2017,5,0.744800711
7/1/2017,5,0.50452208
7/2/2017,5,0.538323587
7/3/2017,5,0.554493527
7/4/2017,5,0.574129224
7/5/2017,5,0.569500296
7/6/2017,5,0.56539142
7/7/2017,5,0.755933882
7/8/2017,5,0.545386839
7/9/2017,5,0.521146486
7/10/2017,5,0.560022622
7/11/2017,5,0.563058879
7/12/2017,5,0.558678081
7/13/2017,5,0.570173288
7/14/2017,5,0.749925791
7/15/2017,5,0.554819223
7/16/2017,5,0.53331224
7/17/2017,5,0.548629886
7/18/2017,5,0.568628131
7/19/2017,5,0.568371087
7/20/2017,5,0.568146652
7/21/2017,5,0.743582808
7/22/2017,5,0.549211491
7/23/2017,5,0.514498069
7/24/2017,5,0.567233091
7/25/2017,5,0.564831864
7/26/2017,5,0.575853127
7/27/2017,5,0.577136847
7/28/2017,5,0.756384649
7/29/2017,5,0.58630427
7/30/2017,5,0.509585808
7/31/2017,5,0.553763344
8/1/2017,5,0.567472669
8/2/2017,5,0.564501129
8/3/2017,5,0.573740138
8/4/2017,5,0.748540508
8/5/2017,5,0.577559504
8/6/2017,5,0.540656227
8/7/2017,5,0.556595183
8/8/2017,5,0.552838054
8/9/2017,5,0.567556728
8/10/2017,5,0.576722693
8/11/2017,5,0.756513168
8/12/2017,5,0.568487936
8/13/2017,5,0.534625004
8/14/2017,5,0.553950944
8/15/2017,5,0.560296563
8/16/2017,5,0.557037491
8/17/2017,5,0.56694538
8/18/2017,5,0.727153766
8/19/2017,5,0.566412851
8/20/2017,5,0.537055271
8/21/2017,5,0.541815568
8/22/2017,5,0.557727057
8/23/2017,5,0.569430316
8/24/2017,5,0.565736224
8/25/2017,5,0.748087951
8/26/2017,5,0.572481294
8/27/2017,5,0.553997206
8/28/2017,5,0.553109533
8/29/2017,5,0.567254551
8/30/2017,5,0.566087326
8/31/2017,5,0.562533722
9/1/2017,5,0.749420036
9/2/2017,5,0.566289248
9/3/2017,5,0.545703499
9/4/2017,5,0.575615126
9/5/2017,5,0.555991444
9/6/2017,5,0.567461067
9/7/2017,5,0.563342416
9/8/2017,5,0.736200901
9/9/2017,5,0.53234911
9/10/2017,5,0.539046953
9/11/2017,5,0.549433081
9/12/2017,5,0.559143915
9/13/2017,5,0.56626055
9/14/2017,5,0.567769438
9/15/2017,5,0.751981329
9/16/2017,5,0.563183552
9/17/2017,5,0.554615728
9/18/2017,5,0.563612953
9/19/2017,5,0.557386374
9/20/2017,5,0.569135628
9/21/2017,5,0.569387836
9/22/2017,5,0.750482051
9/23/2017,5,0.540186737
9/24/2017,5,0.573465512
9/25/2017,5,0.558449931
9/26/2017,5,0.559233635
9/27/2017,5,0.57291763
9/28/2017,5,0.559372364
9/29/2017,5,0.746186718
9/30/2017,5,0.572957657
10/1/2017,5,0.538242224
10/2/2017,5,0.560899195
10/3/2017,5,0.568159764
10/4/2017,5,0.5643108
10/5/2017,5,0.564040545
10/6/2017,5,0.745601562
10/7/2017,5,0.573726841
10/8/2017,5,0.56339285
10/9/2017,5,0.545558291
10/10/2017,5,0.564681107
10/11/2017,5,0.570541016
10/12/2017,5,0.563376294
10/13/2017,5,0.760708287
10/14/2017,5,0.578249337
10/15/2017,5,0.536272115
10/16/2017,5,0.556114491
10/17/2017,5,0.559229827
10/18/2017,5,0.567254938
10/19/2017,5,0.567339063
10/20/2017,5,0.74488283
10/21/2017,5,0.594920519
10/22/2017,5,0.57173959
10/23/2017,5,0.551742166
10/24/2017,5,0.549272844
10/25/2017,5,0.562373586
10/26/2017,5,0.566196841
10/27/2017,5,0.753697263
10/28/2017,5,0.614623028
10/29/2017,5,0.548730146
10/30/2017,5,0.558810059
10/31/2017,5,0.570018715
11/1/2017,5,0.572965348
11/2/2017,5,0.583673727
11/3/2017,5,0.757849671
11/4/2017,5,0.583352861
11/5/2017,5,0.51963515
11/6/2017,5,0.558176203
11/7/2017,5,0.563484243
11/8/2017,5,0.587731597
11/9/2017,5,0.582563144
11/10/2017,5,0.756234535
11/11/2017,5,0.555988983
11/12/2017,5,0.545763268
11/13/2017,5,0.562718218
11/14/2017,5,0.565679193
11/15/2017,5,0.572085727
11/16/2017,5,0.57304446
11/17/2017,5,0.759770922
11/18/2017,5,0.563612828
11/19/2017,5,0.555728104
11/20/2017,5,0.566765612
11/21/2017,5,0.580205779
11/22/2017,5,0.566962854
11/23/2017,5,0.593276385
11/24/2017,5,0.752284204
11/25/2017,5,0.572166167
11/26/2017,5,0.53538623
11/27/2017,5,0.573220561
11/28/2017,5,0.585545078
11/29/2017,5,0.589650731
11/30/2017,5,0.594988775
12/1/2017,5,0.75327937
12/2/2017,5,0.588524083
12/3/2017,5,0.542822336
12/4/2017,5,0.558081922
12/5/2017,5,0.575959733
12/6/2017,5,0.584887974
12/7/2017,5,0.587566885
12/8/2017,5,0.774422665
12/9/2017,5,0.560288974
12/10/2017,5,0.546667143
12/11/2017,5,0.569838476
12/12/2017,5,0.576400227
12/13/2017,5,0.584427999
12/14/2017,5,0.581212703
12/15/2017,5,0.757245752
12/16/2017,5,0.590549639
12/17/2017,5,0.566336112
12/18/2017,5,0.567420091
12/19/2017,5,0.571129917
12/20/2017,5,0.583248851
12/21/2017,5,0.58761022
12/22/2017,5,0.773577997
12/23/2017,5,0.606431432
12/24/2017,5,0.611664347
12/25/2017,5,0.621515647
12/26/2017,5,0.576395902
12/27/2017,5,0.587929291
12/28/2017,5,0.586080919
12/29/2017,5,0.757865886
12/30/2017,5,0.572446533
12/31/2017,5,0.539480573
1/1/2018,5,0.692706622
1/2/2018,5,0.572699308
1/3/2018,5,0.583034685
1/4/2018,5,0.585752014
1/5/2018,5,0.764411328
1/6/2018,5,0.570196348
1/8/2018,5,0.571964232
1/7/2018,5,0.566027285
1/9/2018,5,0.567754535
1/10/2018,5,0.581232037
1/11/2018,5,0.563942528
1/12/2018,5,0.769463485
1/13/2018,5,0.554304243
1/14/2018,5,0.540976241
1/15/2018,5,0.562175192
1/16/2018,5,0.56437616
1/17/2018,5,0.570986227
1/18/2018,5,0.563872653
1/19/2018,5,0.758820959
1/20/2018,5,0.600569733
1/21/2018,5,0.531707395
1/22/2018,5,0.567813318
1/23/2018,5,0.570207483
1/24/2018,5,0.571134393
1/25/2018,5,0.575857854
1/26/2018,5,0.767226948
1/27/2018,5,0.599917201
1/28/2018,5,0.516450187
1/29/2018,5,0.55931311
1/30/2018,5,0.569505254
1/31/2018,5,0.561709936
2/1/2018,5,0.580875779
2/2/2018,5,0.76460644
2/3/2018,5,0.609992267
2/4/2018,5,0.559581685
2/5/2018,5,0.57252326
2/6/2018,5,0.581970157
2/7/2018,5,0.580478575
2/8/2018,5,0.582428786
2/9/2018,5,0.757215507
2/10/2018,5,0.583526874
2/11/2018,5,0.556459777
2/12/2018,5,0.572146014
2/13/2018,5,0.571938082
2/14/2018,5,0.577904609
2/15/2018,5,0.577389234
2/16/2018,5,0.754182376
2/17/2018,5,0.61021887
2/19/2018,5,0.557183948
2/18/2018,5,0.546050962
2/20/2018,5,0.569522552
2/21/2018,5,0.57411073
2/22/2018,5,0.570464105
2/23/2018,5,0.762778927
2/24/2018,5,0.582466184
2/25/2018,5,0.536050629
2/26/2018,5,0.562127885
2/27/2018,5,0.56002789
2/28/2018,5,0.564936435
3/1/2018,5,0.571203221
3/2/2018,5,0.762479111
3/3/2018,5,0.573872133
3/4/2018,5,0.541226495
3/5/2018,5,0.563707164
3/6/2018,5,0.567682423
3/7/2018,5,0.576564365
3/8/2018,5,0.575902965
3/9/2018,5,0.76202095
3/10/2018,5,0.599329264
3/11/2018,5,0.553847405
3/12/2018,5,0.56217309
3/13/2018,5,0.56997008
3/14/2018,5,0.577527322
3/15/2018,5,0.583967278
3/16/2018,5,0.756716105
3/17/2018,5,0.618018853
3/18/2018,5,0.54757122
3/19/2018,5,0.565095897
3/20/2018,5,0.570569118
3/21/2018,5,0.56888692
3/22/2018,5,0.579426913
3/23/2018,5,0.748378204
3/24/2018,5,0.565908298
3/25/2018,5,0.520767274
3/26/2018,5,0.561982564
3/27/2018,5,0.579573773
3/28/2018,5,0.584018222
3/29/2018,5,0.57195527
3/30/2018,5,0.765398897
3/31/2018,5,0.574502988
4/1/2018,5,0.543111871
4/2/2018,5,0.569090889
4/3/2018,5,0.573485112
4/4/2018,5,0.576492312
4/5/2018,5,0.574770138
4/6/2018,5,0.755241041
4/7/2018,5,0.560307304
4/8/2018,5,0.559118668
4/9/2018,5,0.557979171
4/10/2018,5,0.577289508
4/11/2018,5,0.5733706
4/12/2018,5,0.574235915
4/13/2018,5,0.772577187
4/14/2018,5,0.59583442
4/15/2018,5,0.540550657
4/16/2018,5,0.552890545
4/17/2018,5,0.577951477
4/18/2018,5,0.579064445
4/19/2018,5,0.587668208
4/20/2018,5,0.766071215
4/21/2018,5,0.599075119
4/22/2018,5,0.56980161
4/23/2018,5,0.556029105
4/24/2018,5,0.565170547
4/25/2018,5,0.582008884
4/26/2018,5,0.582256869
4/27/2018,5,0.759081958
4/28/2018,5,0.592529199
4/29/2018,5,0.568906606
4/30/2018,5,0.557673106
5/1/2018,5,0.575255235
5/2/2018,5,0.580226409
5/3/2018,5,0.584714262
5/4/2018,5,0.759314697
5/5/2018,5,0.571924557
5/6/2018,5,0.555627937
5/7/2018,5,0.561955131
5/8/2018,5,0.565853723
5/9/2018,5,0.57802274
5/10/2018,5,0.576406601
5/11/2018,5,0.749603258
5/12/2018,5,0.567866701
5/13/2018,5,0.577098796
5/14/2018,5,0.561734262
5/15/2018,5,0.570740138
5/16/2018,5,0.574258076
5/17/2018,5,0.574684233
5/18/2018,5,0.754486305
5/19/2018,5,0.559384864
5/20/2018,5,0.522194776
5/21/2018,5,0.566593599
5/22/2018,5,0.569560608
5/23/2018,5,0.576356345
5/24/2018,5,0.580660642
5/25/2018,5,0.760525289
5/26/2018,5,0.595739819
5/27/2018,5,0.511673559
5/28/2018,5,0.559542731
5/29/2018,5,0.567016313
5/30/2018,5,0.569254037
5/31/2018,5,0.581667018
6/1/2018,5,0.756125814
6/2/2018,5,0.562065487
6/3/2018,5,0.533343192
6/4/2018,5,0.561626276
6/5/2018,5,0.563181151
6/6/2018,5,0.573206524
6/7/2018,5,0.577174761
6/8/2018,5,0.760202664
6/9/2018,5,0.553143687
6/10/2018,5,0.576168918
6/11/2018,5,0.57225598
6/12/2018,5,0.575453241
6/13/2018,5,0.592097315
6/14/2018,5,0.580826831
6/15/2018,5,0.759004294
6/16/2018,5,0.569600454
6/17/2018,5,0.547237186
6/18/2018,5,0.572905877
6/19/2018,5,0.585528483
6/20/2018,5,0.576209706
6/21/2018,5,0.580695996
6/22/2018,5,0.766936764
6/23/2018,5,0.560335168
6/24/2018,5,0.542032194
6/25/2018,5,0.55993213
6/26/2018,5,0.574967437
6/27/2018,5,0.575525577
6/28/2018,5,0.573000851
6/29/2018,5,0.764228417
6/30/2018,5,0.545586045
7/1/2018,5,0.590901409
7/2/2018,5,0.562944332
7/3/2018,5,0.563767346
7/4/2018,5,0.57966593
7/5/2018,5,0.570718188
7/6/2018,5,0.770807415
7/7/2018,5,0.539016843
7/8/2018,5,0.53884862
7/9/2018,5,0.581298231
7/10/2018,5,0.581897319
7/11/2018,5,0.572654149
7/12/2018,5,0.573123411
7/13/2018,5,0.76613183
7/14/2018,5,0.573734568
7/15/2018,5,0.594630979
7/16/2018,5,0.560517552
7/17/2018,5,0.56495452
7/18/2018,5,0.577425912
7/19/2018,5,0.574123955
7/20/2018,5,0.773156939
7/21/2018,5,0.557292597
7/22/2018,5,0.601922459
7/23/2018,5,0.565976275
7/24/2018,5,0.572563139
7/25/2018,5,0.57038123
7/26/2018,5,0.578768689
7/27/2018,5,0.761531044
7/28/2018,5,0.564724517
7/29/2018,5,0.562074202
7/30/2018,5,0.557830914
7/31/2018,5,0.577011766
8/1/2018,5,0.579440084
8/2/2018,5,0.580519047
8/3/2018,5,0.766411561
8/4/2018,5,0.574972713
8/5/2018,5,0.57399672
8/6/2018,5,0.564809632
8/7/2018,5,0.564276704
8/8/2018,5,0.57153857
8/9/2018,5,0.570157114
8/10/2018,5,0.758669198
8/11/2018,5,0.57424204
8/12/2018,5,0.576055671
8/13/2018,5,0.548659932
8/14/2018,5,0.566118048
8/15/2018,5,0.570933992
8/16/2018,5,0.572272548
8/17/2018,5,0.780141664
8/18/2018,5,0.564836193
8/19/2018,5,0.578053564
8/20/2018,5,0.557185055
8/21/2018,5,0.558165783
8/22/2018,5,0.556323758
8/23/2018,5,0.566209953
8/24/2018,5,0.767662057
8/25/2018,5,0.537612659
8/26/2018,5,0.562204349
8/27/2018,5,0.546362796
8/28/2018,5,0.557476559
8/29/2018,5,0.567902763
8/30/2018,5,0.568755168
8/31/2018,5,0.766084372
9/1/2018,5,0.546586227
9/2/2018,5,0.538646304
9/3/2018,5,0.570406996
9/4/2018,5,0.559006508
9/5/2018,5,0.569148409
9/6/2018,5,0.574749683
9/7/2018,5,0.756288477
9/8/2018,5,0.57229004
9/9/2018,5,0.579985324
9/10/2018,5,0.561876461
9/11/2018,5,0.57206301
9/12/2018,5,0.565220156
9/13/2018,5,0.56779092
9/14/2018,5,0.756301892
9/15/2018,5,0.565261044
9/16/2018,5,0.547314686
9/17/2018,5,0.566868034
9/18/2018,5,0.570132271
9/19/2018,5,0.567710522
9/20/2018,5,0.572642557
9/21/2018,5,0.753255629
9/22/2018,5,0.537991231
9/23/2018,5,0.577663813
9/24/2018,5,0.568454001
9/25/2018,5,0.575301648
9/26/2018,5,0.571702029
9/27/2018,5,0.57712771
9/28/2018,5,0.748990855
9/29/2018,5,0.591779115
9/30/2018,5,0.587903116
10/1/2018,5,0.556977666
10/2/2018,5,0.573072416
10/3/2018,5,0.573394441
10/4/2018,5,0.573254852
10/5/2018,5,0.754009656
10/6/2018,5,0.548194438
10/7/2018,5,0.558345446
10/8/2018,5,0.565889818
10/9/2018,5,0.561482644
10/10/2018,5,0.583739231
10/11/2018,5,0.574802719
10/12/2018,5,0.760985416
10/13/2018,5,0.54193538
10/15/2018,5,0.569855134
10/16/2018,5,0.574110165
10/14/2018,5,0.553961798
10/19/2018,5,0.742199938
10/17/2018,5,0.573192379
10/18/2018,5,0.567382544
10/20/2018,5,0.573858052
10/21/2018,5,0.571517224
10/22/2018,5,0.559040453
10/25/2018,5,0.585751952
10/29/2018,5,0.56709444
10/23/2018,5,0.578260328
10/24/2018,5,0.579431877
10/26/2018,5,0.776276616
10/27/2018,5,0.575958649
10/28/2018,5,0.573465233
10/30/2018,5,0.576486285
11/7/2018,5,0.581099408
11/1/2018,5,0.577978626
11/2/2018,5,0.769136082
11/5/2018,5,0.579248869
11/6/2018,5,0.571132913
11/8/2018,5,0.584052106
11/9/2018,5,0.755818776
10/31/2018,5,0.575382338
11/3/2018,5,0.587700794
11/4/2018,5,0.528530382
11/10/2018,5,0.552506156
11/26/2018,5,0.584863982
11/19/2018,5,0.587049232
11/13/2018,5,0.584769032
11/21/2018,5,0.578988108
11/28/2018,5,0.5968781
11/14/2018,5,0.585083179
11/15/2018,5,0.585766507
11/20/2018,5,0.583050253
11/23/2018,5,0.759647484
11/27/2018,5,0.590579752
11/16/2018,5,0.751295315
11/24/2018,5,0.573075101
11/12/2018,5,0.570790673
11/11/2018,5,0.574702296
11/17/2018,5,0.571130538
11/18/2018,5,0.5759176
11/22/2018,5,0.608162657
11/25/2018,5,0.551737062
12/5/2018,5,0.57915984
12/18/2018,5,0.580143352
11/30/2018,5,0.773904621
12/6/2018,5,0.581156693
12/7/2018,5,0.762992729
12/10/2018,5,0.569571554
12/11/2018,5,0.575274966
12/19/2018,5,0.589545506
12/3/2018,5,0.567224805
12/4/2018,5,0.58080965
12/12/2018,5,0.579346222
12/17/2018,5,0.572996076
12/20/2018,5,0.581571284
12/21/2018,5,0.773362711
11/29/2018,5,0.580514743
12/13/2018,5,0.5750886
12/14/2018,5,0.770120204
12/24/2018,5,0.546726294
12/15/2018,5,0.566700522
12/22/2018,5,0.581945804
12/1/2018,5,0.544053002
12/8/2018,5,0.573625517
12/2/2018,5,0.574622059
12/16/2018,5,0.545901
12/23/2018,5,0.585566958
12/9/2018,5,0.54229329
12/25/2018,5,0.609400853
1/2/2019,5,0.573184918
12/31/2018,5,0.548571215
12/27/2018,5,0.584614498
12/28/2018,5,0.757505135
12/29/2018,5,0.588398289
1/3/2019,5,0.58772917
1/4/2019,5,0.763358932
1/7/2019,5,0.56502947
1/8/2019,5,0.556593507
12/26/2018,5,0.57624951
1/5/2019,5,0.570367291
1/6/2019,5,0.568892442
12/30/2018,5,0.576624279
1/1/2019,5,0.600855762
