CalendarDay,Bucket,Inflows
8/23/2017,1,213227
2/23/2017,1,142148
7/26/2017,1,217904
2/24/2017,1,151656
1/19/2018,1,242536
5/29/2018,1,211245
7/30/2018,1,228368
11/2/2017,1,159291
1/9/2018,1,229458
9/7/2017,1,191090
1/31/2017,1,195478
8/11/2017,1,228565
8/15/2017,1,184668
7/13/2017,1,225119
5/17/2017,1,188670
7/12/2016,1,217900
3/9/2018,1,186069
2/1/2017,1,182692
11/9/2017,1,173843
2/2/2017,1,177287
3/31/2017,1,178420
11/27/2018,1,188223
2/27/2017,1,192654
2/25/2017,1,24422
10/23/2018,1,204619
7/21/2016,1,185235
7/11/2017,1,231146
10/24/2018,1,185967
2/18/2017,1,6622
7/8/2016,1,218636
12/20/2017,1,201910
4/6/2017,1,139108
7/22/2016,1,183448
2/16/2017,1,156003
4/7/2017,1,169000
8/15/2016,1,217682
7/26/2018,1,203773
4/22/2017,1,44052
10/20/2017,1,187744
11/29/2017,1,200380
2/21/2017,1,170329
9/18/2018,1,206928
4/5/2017,1,175714
2/1/2018,1,219002
4/4/2017,1,173401
6/30/2017,1,216337
2/22/2017,1,151262
5/30/2018,1,222423
11/26/2018,1,217903
1/10/2018,1,222092
7/27/2018,1,231839
2/3/2017,1,170345
2/2/2018,1,226152
4/17/2018,1,215476
8/10/2017,1,179452
5/31/2017,1,237761
1/18/2018,1,199729
9/26/2018,1,190835
11/29/2018,1,206565
10/18/2018,1,229909
9/15/2017,1,222188
6/7/2017,1,194988
2/4/2017,1,50144
8/1/2017,1,221637
9/8/2017,1,207692
2/7/2017,1,204536
9/18/2017,1,221784
8/8/2018,1,194394
6/26/2017,1,240342
1/14/2017,1,43897
1/13/2017,1,187392
3/11/2017,1,46048
7/20/2016,1,187496
9/16/2017,1,50867
5/23/2018,1,173459
8/7/2018,1,238444
4/6/2018,1,223123
3/10/2017,1,169580
3/23/2017,1,169952
3/3/2017,1,166623
3/29/2017,1,166023
8/1/2018,1,226853
12/27/2018,1,225454
7/13/2016,1,220922
3/1/2017,1,148842
12/23/2017,1,75748
5/25/2017,1,177684
2/28/2017,1,165537
6/29/2017,1,201902
11/15/2017,1,191668
6/28/2017,1,235740
11/28/2018,1,219084
2/19/2018,1,221384
3/24/2017,1,177874
5/24/2018,1,206901
12/14/2018,1,202686
3/8/2017,1,157268
4/24/2018,1,207059
8/3/2018,1,203723
3/7/2017,1,167847
9/14/2017,1,226969
9/17/2018,1,227257
12/7/2017,1,209184
5/25/2018,1,207211
8/12/2016,1,184656
10/19/2018,1,88620
3/2/2017,1,147693
3/9/2017,1,162230
11/10/2016,1,176076
11/20/2018,1,170496
4/2/2018,1,211969
12/6/2017,1,230380
7/25/2017,1,222667
8/24/2016,1,234147
4/18/2017,1,186773
6/7/2018,1,191919
7/18/2018,1,228741
4/19/2017,1,167046
10/28/2016,1,164324
1/23/2017,1,239881
10/26/2016,1,170000
10/25/2016,1,170191
7/4/2017,1,151321
10/27/2016,1,138546
10/17/2017,1,187344
2/9/2018,1,215724
11/1/2016,1,176286
1/8/2019,1,231545
7/19/2018,1,216387
11/3/2016,1,145876
11/2/2016,1,146647
7/25/2016,1,212051
1/24/2017,1,231106
7/2/2016,1,43371
10/29/2018,1,209451
7/1/2016,1,209484
7/6/2017,1,249864
8/24/2017,1,204829
3/31/2018,1,43533
7/26/2016,1,180341
11/15/2016,1,191697
11/30/2017,1,205580
4/20/2018,1,196491
10/20/2016,1,191898
11/16/2016,1,172723
8/26/2016,1,179971
1/7/2019,1,288999
8/30/2017,1,213763
7/16/2018,1,263238
8/29/2016,1,183356
7/1/2017,1,55295
11/7/2017,1,190525
4/20/2017,1,154380
2/23/2018,1,199208
10/21/2016,1,152384
3/15/2018,1,180168
8/2/2016,1,200430
12/17/2018,1,224424
10/24/2016,1,212677
10/30/2018,1,198796
8/25/2016,1,169901
1/23/2018,1,268891
7/17/2018,1,234773
6/8/2018,1,213119
7/5/2016,1,213749
11/14/2016,1,196855
7/21/2017,1,216811
8/18/2016,1,207217
10/18/2017,1,184606
1/27/2017,1,207321
9/1/2017,1,188223
4/15/2017,1,38485
11/11/2016,1,153347
7/23/2018,1,255573
4/3/2018,1,187606
7/6/2016,1,227993
4/12/2017,1,160364
6/4/2018,1,240936
5/16/2017,1,195233
7/25/2018,1,192056
5/31/2018,1,188953
8/16/2016,1,210199
11/24/2018,1,55743
2/15/2017,1,153944
10/19/2017,1,173939
1/28/2017,1,34834
4/4/2018,1,189637
7/10/2017,1,247976
3/12/2018,1,201639
8/17/2016,1,199017
4/11/2017,1,189969
9/25/2018,1,209487
6/1/2018,1,209817
1/26/2017,1,175860
7/23/2016,1,41646
11/21/2018,1,168380
3/13/2018,1,174079
1/31/2018,1,212384
12/15/2017,1,221383
8/22/2016,1,228239
11/8/2016,1,182210
9/19/2018,1,192395
8/23/2016,1,190212
6/6/2018,1,207456
11/4/2016,1,143208
12/28/2018,1,243104
7/20/2018,1,263100
11/6/2016,1,35467
8/19/2016,1,192415
7/7/2017,1,217589
6/6/2017,1,197036
11/9/2016,1,151870
12/28/2017,1,197640
8/14/2017,1,241930
10/26/2018,1,193103
4/17/2017,1,175522
4/13/2017,1,168074
6/5/2018,1,215595
9/20/2016,1,180160
10/7/2017,1,44676
12/29/2017,1,251949
12/21/2018,1,236704
10/9/2017,1,233921
9/19/2016,1,195710
9/21/2016,1,155615
9/16/2016,1,194539
10/6/2017,1,199289
9/15/2016,1,171665
9/17/2016,1,32119
5/8/2018,1,190136
12/7/2018,1,237644
8/28/2018,1,225335
9/23/2016,1,166665
9/28/2018,1,186094
8/2/2017,1,211086
10/27/2017,1,169086
8/30/2018,1,236554
8/5/2016,1,157078
9/26/2016,1,187338
6/13/2017,1,240336
5/7/2018,1,203441
4/12/2018,1,217565
9/22/2016,1,155127
4/27/2018,1,212828
8/29/2018,1,218501
3/1/2018,1,167115
8/3/2016,1,202888
10/3/2017,1,179510
5/10/2018,1,167446
10/4/2017,1,197803
4/11/2018,1,190985
12/14/2017,1,203566
8/24/2018,1,246959
2/6/2018,1,208819
9/11/2018,1,216192
12/24/2018,1,171660
10/10/2018,1,193999
4/26/2018,1,192690
10/25/2017,1,211459
10/9/2018,1,188053
12/6/2018,1,211813
5/9/2018,1,186479
2/8/2018,1,211461
7/19/2017,1,215361
8/4/2017,1,213077
9/12/2017,1,184036
8/27/2018,1,215776
6/21/2017,1,202604
8/22/2017,1,221242
8/25/2018,1,49640
10/5/2017,1,182000
10/4/2016,1,167924
6/2/2017,1,205427
5/2/2018,1,177676
6/15/2017,1,190592
10/2/2018,1,192461
12/30/2017,1,64656
12/11/2018,1,224539
10/7/2016,1,147007
10/13/2017,1,209274
6/19/2017,1,211755
11/14/2017,1,190653
9/3/2018,1,163381
5/30/2017,1,179673
10/1/2018,1,228650
6/16/2017,1,222558
9/5/2018,1,230145
10/13/2016,1,161503
4/30/2018,1,190214
10/31/2017,1,174615
10/14/2016,1,155895
7/20/2017,1,191563
10/11/2016,1,183501
12/19/2017,1,237827
10/10/2016,1,179075
10/12/2016,1,164207
10/11/2017,1,186736
8/31/2018,1,234988
12/10/2018,1,229434
2/12/2018,1,214235
12/21/2017,1,232860
10/3/2016,1,169624
9/29/2016,1,162678
9/30/2016,1,146588
5/5/2018,1,57389
12/12/2018,1,236128
10/4/2018,1,206630
9/28/2016,1,160484
6/12/2017,1,210030
1/12/2018,1,228183
5/3/2018,1,185956
10/5/2016,1,148568
8/3/2017,1,205866
1/4/2018,1,206485
5/11/2018,1,218095
4/13/2018,1,238931
10/12/2017,1,185457
12/20/2018,1,227100
10/24/2017,1,194151
12/23/2016,1,203407
12/26/2018,1,202520
5/18/2018,1,183078
12/26/2016,1,164195
8/15/2018,1,230875
12/28/2016,1,208125
1/17/2018,1,194329
9/22/2017,1,200291
3/6/2018,1,181465
12/20/2016,1,220817
5/19/2017,1,166183
2/10/2017,1,159003
4/25/2018,1,209916
12/3/2018,1,208960
8/16/2018,1,199537
9/14/2018,1,214408
7/19/2016,1,219486
10/15/2018,1,200434
12/22/2016,1,193512
4/9/2018,1,226196
3/16/2017,1,163767
2/8/2017,1,181802
3/17/2017,1,170475
3/7/2018,1,169678
1/6/2017,1,208616
2/9/2017,1,171807
2/26/2018,1,188866
9/20/2017,1,184405
8/10/2018,1,234070
12/22/2017,1,219602
12/8/2017,1,215023
3/14/2017,1,166019
8/9/2018,1,216267
8/18/2017,1,225625
5/22/2018,1,185849
1/10/2017,1,226231
10/17/2018,1,189427
5/21/2018,1,214060
10/16/2018,1,157966
12/1/2018,1,61961
1/2/2017,1,174362
3/15/2017,1,147389
12/29/2016,1,207120
1/5/2018,1,238564
8/11/2016,1,183220
8/14/2018,1,226547
1/4/2017,1,258731
7/18/2017,1,233637
1/5/2017,1,180038
8/9/2017,1,203142
9/21/2017,1,207963
8/13/2018,1,273188
3/4/2018,1,41977
2/20/2018,1,186480
9/13/2017,1,198887
12/9/2017,1,62396
11/11/2017,1,54417
12/19/2018,1,245057
9/12/2018,1,186181
5/15/2018,1,189784
9/5/2017,1,194600
1/16/2018,1,231407
7/28/2017,1,240404
7/16/2016,1,35809
9/27/2017,1,188459
12/4/2018,1,213698
11/20/2017,1,218098
12/13/2018,1,215831
8/8/2016,1,255186
7/14/2016,1,218960
10/11/2018,1,174590
6/8/2017,1,183165
9/29/2017,1,210968
3/2/2018,1,204588
6/22/2017,1,239756
4/10/2018,1,206889
7/15/2016,1,188056
8/21/2018,1,203242
5/14/2018,1,209045
9/28/2017,1,181458
12/5/2018,1,213261
3/5/2018,1,208479
9/26/2017,1,206461
8/10/2016,1,164453
6/23/2017,1,247387
2/14/2017,1,163215
8/8/2017,1,200150
12/16/2016,1,184543
8/17/2018,1,254558
11/1/2017,1,177769
5/23/2017,1,194189
10/12/2018,1,185031
7/27/2017,1,207304
7/18/2016,1,220249
8/9/2016,1,206735
9/13/2018,1,191773
11/22/2017,1,169813
11/7/2018,1,194666
3/23/2018,1,184032
11/30/2016,1,180552
3/19/2018,1,205110
11/13/2018,1,165613
8/26/2017,1,59426
12/9/2016,1,219676
9/9/2016,1,187648
11/22/2016,1,161792
8/17/2017,1,201875
6/15/2018,1,213469
9/2/2016,1,215380
7/29/2016,1,206673
11/24/2017,1,145662
8/30/2016,1,198627
11/29/2016,1,225079
2/16/2018,1,187396
6/5/2017,1,246889
9/5/2016,1,151167
12/12/2016,1,236591
6/13/2018,1,204625
9/20/2018,1,185584
3/28/2018,1,212332
4/28/2017,1,169327
11/1/2018,1,174137
8/29/2017,1,207462
6/22/2018,1,231799
12/18/2018,1,226083
2/22/2018,1,168759
12/31/2018,1,215737
2/15/2018,1,163554
1/2/2019,1,221141
12/1/2016,1,183025
5/26/2017,1,201461
3/24/2018,1,44059
6/29/2018,1,236903
7/28/2016,1,193002
11/3/2017,1,201512
7/10/2018,1,248878
3/16/2018,1,188382
5/11/2017,1,172329
11/8/2018,1,169716
5/10/2017,1,167619
5/4/2017,1,155049
6/12/2018,1,233017
6/28/2018,1,198149
11/12/2018,1,208979
7/9/2018,1,255391
7/7/2018,1,69902
5/2/2017,1,191321
9/7/2016,1,205588
9/8/2016,1,216651
12/16/2017,1,61026
9/1/2016,1,141298
1/24/2018,1,240969
1/3/2019,1,299811
11/4/2017,1,40787
5/24/2017,1,159012
4/26/2017,1,192094
7/27/2016,1,215677
7/5/2018,1,182918
5/9/2017,1,180367
11/28/2016,1,190580
8/31/2016,1,209026
6/18/2018,1,241468
1/16/2017,1,257578
11/5/2018,1,195528
11/14/2018,1,168422
1/17/2017,1,225563
3/21/2018,1,173129
12/13/2016,1,218517
11/3/2018,1,54768
5/8/2017,1,216635
1/30/2018,1,245011
11/15/2018,1,160319
12/14/2016,1,208106
11/23/2016,1,141004
12/5/2017,1,211792
8/1/2016,1,208767
6/20/2018,1,223306
5/1/2017,1,198741
11/25/2016,1,97785
11/6/2018,1,168882
7/13/2018,1,228139
9/6/2016,1,189144
1/25/2018,1,225959
4/25/2017,1,196127
5/3/2017,1,171809
5/12/2017,1,175896
4/18/2018,1,204309
6/19/2018,1,211682
7/3/2018,1,219833
12/27/2017,1,207319
1/3/2018,1,226513
4/19/2018,1,207724
12/6/2016,1,245264
12/12/2017,1,210758
9/14/2016,1,176570
4/24/2017,1,208128
6/25/2018,1,233069
1/19/2017,1,209564
1/26/2018,1,215074
11/18/2016,1,173890
9/22/2018,1,42400
11/17/2016,1,134764
6/14/2018,1,211241
11/16/2018,1,161351
12/5/2016,1,222383
10/18/2016,1,162558
9/13/2016,1,193693
10/31/2018,1,190553
11/9/2018,1,192306
5/5/2017,1,179879
11/19/2018,1,190234
4/27/2017,1,146825
3/20/2018,1,189326
11/21/2016,1,184778
12/2/2016,1,197462
3/29/2018,1,185622
12/1/2017,1,192826
1/20/2017,1,244559
7/11/2018,1,213278
3/27/2018,1,211876
6/27/2018,1,220480
10/17/2016,1,187422
6/26/2018,1,252964
1/4/2019,1,252517
8/16/2017,1,214397
11/17/2017,1,200909
6/16/2018,1,37280
12/27/2016,1,201166
12/13/2017,1,198683
3/28/2017,1,199736
3/8/2018,1,176660
12/24/2016,1,26482
12/26/2017,1,202293
1/3/2017,1,216559
12/30/2016,1,177094
12/31/2016,1,44062
5/19/2018,1,34508
7/6/2018,1,251289
12/17/2016,1,24469
7/14/2017,1,210294
10/13/2018,1,52552
12/19/2016,1,266055
12/15/2016,1,190695
10/22/2018,1,311121
1/29/2018,1,244450
4/5/2018,1,187134
9/25/2017,1,191469
12/21/2016,1,217851
6/27/2017,1,241072
9/2/2017,1,68362
3/22/2017,1,177290
8/25/2017,1,207636
2/6/2017,1,195975
12/8/2016,1,217007
3/13/2017,1,193623
11/16/2017,1,160618
3/21/2017,1,180488
8/28/2017,1,247039
12/4/2017,1,250827
10/21/2017,1,34519
7/22/2017,1,54323
8/4/2018,1,48603
12/7/2016,1,222328
11/30/2018,1,204625
11/2/2018,1,192054
1/9/2017,1,219059
8/11/2018,1,51355
9/4/2017,1,179804
8/2/2018,1,224773
1/7/2017,1,71748
2/13/2018,1,176989
1/18/2017,1,197554
9/15/2018,1,38857
7/17/2017,1,224743
2/24/2018,1,34410
3/27/2017,1,190075
1/11/2017,1,227123
10/23/2017,1,205294
9/19/2017,1,185316
1/12/2017,1,209917
3/20/2017,1,199877
4/16/2018,1,217804
10/10/2017,1,192567
9/6/2017,1,240019
10/28/2017,1,46790
9/9/2017,1,35655
2/7/2018,1,184109
2/28/2018,1,173827
5/4/2018,1,182553
9/8/2018,1,42211
8/6/2016,1,54148
10/5/2018,1,173857
6/20/2017,1,235887
10/6/2018,1,30742
6/21/2018,1,224144
11/13/2017,1,209401
12/8/2018,1,56275
3/26/2018,1,202685
4/14/2018,1,39921
10/30/2017,1,195790
9/12/2016,1,199420
6/17/2017,1,45499
7/30/2016,1,44082
4/28/2018,1,29632
9/6/2018,1,242993
5/29/2017,1,155600
2/10/2018,1,38606
6/9/2017,1,205218
8/4/2016,1,173273
5/1/2018,1,194278
9/1/2018,1,58559
10/6/2016,1,132202
5/6/2017,1,40640
6/23/2018,1,55407
10/3/2018,1,175936
8/19/2017,1,47330
9/7/2018,1,193293
9/3/2016,1,29237
9/29/2018,1,42335
1/2/2018,1,220827
9/21/2018,1,188487
8/7/2017,1,253842
8/20/2018,1,263041
1/27/2018,1,62931
5/12/2018,1,42092
2/5/2018,1,213431
9/27/2018,1,174530
3/22/2018,1,208409
2/13/2017,1,229782
5/17/2018,1,194473
8/22/2018,1,235609
8/18/2018,1,53013
7/4/2018,1,140748
11/10/2017,1,201124
11/18/2017,1,30832
3/3/2018,1,45897
5/16/2018,1,160144
7/24/2017,1,240008
6/24/2017,1,55724
11/21/2017,1,177345
6/1/2017,1,177731
7/2/2018,1,266549
9/10/2018,1,239701
1/11/2018,1,230566
6/14/2017,1,211032
1/13/2018,1,72398
10/26/2017,1,177719
2/27/2018,1,177202
10/8/2018,1,192171
6/3/2017,1,54413
12/18/2017,1,224348
9/30/2017,1,30894
10/2/2017,1,220391
5/22/2017,1,215900
2/21/2018,1,158151
12/11/2017,1,238360
9/11/2017,1,203999
12/22/2018,1,53475
1/15/2018,1,209250
8/23/2018,1,213029
8/5/2017,1,48332
2/14/2018,1,200170
8/31/2017,1,200873
3/17/2018,1,41843
2/20/2017,1,222202
1/5/2019,1,74708
7/28/2018,1,60032
6/2/2018,1,85142
10/25/2018,1,212084
11/23/2017,1,52188
3/30/2018,1,179356
4/3/2017,1,208957
11/12/2016,1,32892
1/30/2017,1,237580
12/15/2018,1,84178
2/17/2017,1,152009
11/17/2018,1,33092
5/15/2017,1,190492
7/8/2017,1,80902
4/23/2018,1,222387
3/10/2018,1,36536
7/21/2018,1,64007
7/12/2018,1,231340
7/7/2016,1,231202
7/3/2017,1,235806
4/10/2017,1,209992
5/28/2018,1,148355
11/8/2017,1,176110
6/11/2018,1,233239
10/16/2017,1,206367
4/21/2018,1,43503
7/14/2018,1,51735
11/7/2016,1,184869
7/4/2016,1,164331
7/11/2016,1,234118
7/31/2017,1,250506
4/21/2017,1,172750
7/31/2018,1,248419
9/24/2018,1,239153
7/24/2018,1,221532
3/30/2017,1,185101
7/9/2016,1,41187
11/24/2016,1,24679
12/29/2018,1,55765
8/20/2016,1,37080
1/6/2018,1,55252
1/22/2018,1,248663
4/1/2017,1,43101
5/13/2017,1,39463
10/31/2016,1,188328
3/14/2018,1,205484
1/25/2017,1,197264
11/18/2018,1,66523
10/15/2016,1,26381
10/29/2016,1,39674
4/14/2017,1,176390
2/17/2018,1,27547
11/5/2016,1,33749
7/1/2018,1,76728
6/30/2018,1,61358
11/28/2017,1,168187
8/21/2017,1,221359
1/6/2019,1,50337
10/27/2018,1,33905
11/27/2017,1,186036
9/10/2016,1,37766
3/6/2017,1,197531
11/10/2018,1,32820
9/4/2018,1,198196
10/14/2017,1,48158
12/30/2018,1,53767
7/5/2017,1,185325
8/13/2016,1,44391
7/12/2017,1,229553
5/18/2017,1,156515
8/12/2017,1,45505
10/1/2016,1,37205
5/27/2017,1,48816
9/27/2016,1,161899
11/6/2017,1,211721
12/3/2016,1,49569
7/15/2017,1,50744
11/22/2018,1,49153
1/21/2017,1,37290
6/10/2017,1,44592
2/3/2018,1,22614
4/8/2017,1,37959
11/23/2018,1,123791
9/23/2017,1,40914
1/20/2018,1,65367
7/29/2017,1,40485
9/23/2017,2,271682
8/5/2017,2,170928
10/24/2017,2,1038212
7/5/2017,2,970060
12/13/2017,2,999626
6/30/2017,2,1110843
11/6/2017,2,982932
12/29/2017,2,959242
9/6/2017,2,990067
7/7/2017,2,1066868
8/25/2017,2,1141174
11/8/2017,2,1046330
10/12/2017,2,1050856
6/20/2017,2,1008347
7/14/2017,2,1093141
8/30/2017,2,1051650
7/11/2017,2,1001080
12/1/2017,2,1075669
9/20/2017,2,1028686
7/24/2017,2,1058459
10/16/2017,2,1048384
10/3/2017,2,1003086
12/20/2017,2,1009161
12/15/2017,2,1085464
9/21/2017,2,1057018
7/13/2017,2,1050897
7/31/2017,2,1045544
10/25/2017,2,1033050
7/17/2017,2,1048317
7/19/2017,2,1025714
10/10/2017,2,1087851
11/24/2017,2,741298
9/11/2017,2,996802
10/4/2017,2,1018458
12/5/2017,2,983919
11/30/2017,2,945647
8/8/2017,2,1057970
7/26/2017,2,1004995
6/12/2017,2,1009661
8/18/2017,2,1151726
11/7/2017,2,1023597
7/8/2017,2,290140
7/3/2017,2,894682
9/29/2017,2,1085537
8/21/2017,2,1013769
9/12/2017,2,979587
9/15/2017,2,1121809
11/16/2017,2,1009011
9/5/2017,2,1032159
6/28/2017,2,1014343
12/4/2017,2,1003678
12/6/2017,2,999194
10/23/2017,2,1010927
11/9/2017,2,1025016
6/14/2017,2,997000
11/20/2017,2,1020811
6/27/2017,2,1013013
6/16/2017,2,1053904
12/28/2017,2,876482
10/30/2017,2,997123
12/7/2017,2,1020701
6/22/2017,2,1010148
8/29/2017,2,1029510
10/18/2017,2,1025327
11/1/2017,2,1003173
9/8/2017,2,1104748
6/29/2017,2,1019370
9/2/2017,2,188706
6/6/2017,2,1009171
8/2/2017,2,1037683
10/11/2017,2,1057024
9/27/2017,2,1048388
10/31/2017,2,997115
12/18/2017,2,1036305
12/11/2017,2,1033749
10/9/2017,2,1062642
6/26/2017,2,995908
7/18/2017,2,1027118
9/13/2017,2,1032631
8/3/2017,2,1024385
10/20/2017,2,1124503
7/20/2017,2,1027560
8/7/2017,2,1039059
10/2/2017,2,1016356
6/15/2017,2,988574
1/15/2018,2,993741
8/9/2017,2,1007194
9/28/2017,2,1048971
7/12/2017,2,1026692
7/28/2017,2,1134895
10/27/2017,2,1096874
8/24/2017,2,1040516
6/21/2017,2,1021615
11/17/2017,2,1072433
9/1/2017,2,1119644
6/9/2017,2,1066386
6/5/2017,2,980333
11/29/2017,2,968976
9/16/2017,2,229808
7/21/2017,2,1130988
6/19/2017,2,1011076
8/10/2017,2,1065031
11/21/2017,2,1074777
1/3/2018,2,946178
11/14/2017,2,998898
11/3/2017,2,1084751
10/19/2017,2,1042889
12/27/2017,2,888384
9/7/2017,2,1015703
12/21/2017,2,1013841
9/19/2017,2,1049469
8/28/2017,2,1015437
12/12/2017,2,1032821
10/6/2017,2,1112806
8/26/2017,2,198394
7/15/2017,2,185696
6/7/2017,2,988965
8/22/2017,2,1010112
10/5/2017,2,1058159
9/22/2017,2,1088959
8/23/2017,2,1030774
6/8/2017,2,1008414
7/27/2017,2,1033275
8/11/2017,2,1104101
9/18/2017,2,1064203
9/14/2017,2,1064969
12/26/2017,2,787584
12/14/2017,2,1012623
12/8/2017,2,1064486
12/16/2017,2,215270
11/15/2017,2,1024451
8/1/2017,2,1028024
6/13/2017,2,1011434
10/17/2017,2,1043153
10/26/2017,2,1041469
11/22/2017,2,1027342
11/11/2017,2,179888
11/2/2017,2,1026952
7/6/2017,2,946531
7/25/2017,2,1047496
10/13/2017,2,1145265
11/28/2017,2,988950
8/31/2017,2,1024293
6/23/2017,2,1082439
12/19/2017,2,1016272
8/4/2017,2,1141210
11/18/2017,2,216152
9/26/2017,2,1021762
9/9/2017,2,259249
11/13/2017,2,1015105
9/25/2017,2,1031749
1/9/2018,2,998989
11/27/2017,2,993647
8/12/2017,2,215112
7/10/2017,2,1027580
10/19/2016,1,155458
3/18/2017,1,45158
2/11/2017,1,24489
12/10/2016,1,32934
12/2/2017,1,50134
5/20/2017,1,57080
1/1/2019,1,49632
10/9/2016,1,25412
10/8/2016,1,37843
11/19/2016,1,33777
8/6/2018,1,217779
5/26/2018,1,43210
1/1/2018,1,71595
8/27/2016,1,35443
1/29/2017,1,30796
2/12/2017,1,24775
12/24/2017,1,24570
4/7/2018,1,43397
2/5/2017,1,30310
1/21/2018,1,59329
10/22/2016,1,34959
6/5/2018,2,1033583
8/14/2017,2,1063586
4/19/2017,2,962025
4/21/2017,2,1057897
6/6/2018,2,1076171
4/14/2017,2,928229
9/18/2018,2,1050560
7/18/2018,2,1073740
5/26/2017,2,1040224
5/15/2017,2,1008707
3/15/2018,2,1008447
6/1/2018,2,1130990
2/1/2018,2,989085
1/31/2018,2,985868
2/23/2018,2,1121350
1/10/2018,2,974668
3/13/2018,2,1031948
6/8/2018,2,1186161
6/4/2018,2,1047988
3/14/2018,2,1011910
4/24/2017,2,964462
7/25/2018,2,1063671
6/7/2018,2,1074233
5/16/2017,2,999493
5/3/2017,2,991241
8/20/2018,2,1044812
4/26/2017,2,944217
6/19/2018,2,1087892
7/10/2018,2,1047950
5/5/2017,2,1064699
2/16/2018,2,1114733
5/2/2017,2,997120
10/3/2018,2,1073952
5/12/2017,2,1044648
5/30/2017,2,1011340
1/25/2018,2,1090474
2/2/2018,2,1057806
2/15/2018,2,1030408
2/12/2018,2,1042348
9/5/2018,2,1045093
5/24/2017,2,958860
4/5/2018,2,1013402
4/9/2018,2,1031343
1/18/2018,2,1019281
2/13/2018,2,1040480
3/26/2018,2,1044258
9/11/2018,2,1070321
5/25/2017,2,984703
2/5/2018,2,979557
7/2/2018,2,1089843
9/24/2018,2,1074170
3/20/2018,2,1030397
1/16/2018,2,937933
9/13/2018,2,1065949
2/26/2018,2,1002321
5/23/2017,2,975301
5/4/2017,2,983843
6/15/2018,2,1151613
1/30/2018,2,1039709
5/22/2017,2,1027986
1/2/2018,2,914305
3/23/2018,2,1074855
9/10/2018,2,1093693
1/29/2018,2,1051423
12/2/2017,2,218812
5/11/2017,2,995308
9/26/2018,2,1059127
8/7/2018,2,1058440
6/20/2018,2,1075883
6/12/2018,2,1079171
4/11/2018,2,1024997
3/22/2018,2,1022691
5/31/2017,2,982888
3/9/2018,2,1127979
8/17/2018,2,1139078
8/8/2018,2,1050257
8/31/2018,2,1132579
1/19/2018,2,1154183
6/28/2018,2,1089266
3/2/2018,2,1072332
2/19/2018,2,999844
3/16/2018,2,1083763
6/22/2018,2,1173407
9/6/2018,2,1042995
8/30/2018,2,1115477
8/15/2018,2,1082579
3/28/2018,2,1057754
5/23/2018,2,1065463
3/5/2018,2,980855
5/10/2017,2,967458
1/11/2018,2,1023836
8/10/2018,2,1152472
4/27/2017,2,985796
5/8/2017,2,1007904
5/19/2017,2,1035499
9/8/2018,2,221590
8/9/2018,2,1065847
6/21/2018,2,1091364
11/4/2017,2,173632
5/9/2017,2,966374
6/1/2017,2,987075
2/21/2018,2,1008442
3/21/2018,2,966909
6/25/2018,2,1030226
8/9/2016,2,942241
6/11/2018,2,1041989
9/28/2016,2,948276
4/23/2018,2,1009410
3/22/2017,2,929172
9/8/2016,2,951431
1/3/2019,2,1036373
10/15/2018,2,1041338
11/13/2018,2,1056516
10/16/2018,2,1048592
9/19/2018,2,1055603
7/31/2018,2,1072101
12/6/2016,2,967233
7/15/2016,2,1024123
5/12/2018,2,187664
8/5/2016,2,1051347
9/30/2016,2,1037813
7/13/2018,2,1146066
8/24/2016,2,968114
12/5/2016,2,961564
10/10/2018,2,1031285
11/19/2018,2,1081595
7/14/2016,2,927370
2/8/2018,2,1019819
10/26/2016,2,957888
9/9/2016,2,1054450
12/19/2018,2,1048955
3/23/2017,2,957747
10/27/2016,2,978085
7/26/2018,2,1057147
8/14/2018,2,1093783
9/27/2018,2,1037193
1/24/2018,2,1031755
7/23/2018,2,1051249
7/9/2018,2,1028236
8/2/2018,2,1031689
3/3/2018,2,184762
7/24/2018,2,1126014
12/28/2018,2,1020166
2/17/2018,2,157340
5/17/2017,2,966116
5/21/2018,2,1057518
6/26/2018,2,1082802
1/6/2018,2,276685
3/21/2017,2,944653
12/7/2016,2,972786
9/28/2018,2,1085221
7/19/2018,2,1075965
4/26/2018,2,1034882
10/25/2016,2,933709
12/8/2016,2,947549
4/24/2018,2,1034554
5/14/2018,2,1020037
11/20/2018,2,1093185
12/18/2018,2,1065826
4/30/2018,2,997113
4/7/2018,2,143082
7/3/2018,2,1083993
5/19/2018,2,195207
8/25/2016,2,976440
12/4/2018,2,1008551
4/25/2017,2,991099
4/18/2018,2,1024788
8/22/2018,2,1077584
12/1/2016,2,914766
8/10/2016,2,968582
1/5/2018,2,1025878
6/23/2018,2,216258
7/21/2016,2,947368
9/26/2016,2,1003562
3/24/2017,2,971162
10/28/2016,2,1023001
6/17/2017,2,237580
11/30/2016,2,870948
4/20/2018,2,1142526
9/25/2018,2,1067222
9/29/2016,2,941847
10/17/2018,2,1060885
9/12/2016,2,982825
8/3/2018,2,1106061
2/20/2018,2,1017384
10/9/2018,2,1027886
11/29/2016,2,896563
3/27/2017,2,921529
2/6/2018,2,1047034
8/21/2018,2,1103261
4/2/2018,2,962757
1/13/2018,2,173988
1/12/2018,2,1079095
7/27/2018,2,1176012
8/15/2017,2,1043303
12/21/2018,2,1108552
12/2/2016,2,964244
12/7/2018,2,1075751
11/12/2018,2,1039476
12/22/2017,2,974800
12/3/2016,2,168235
8/16/2017,2,1030029
9/10/2016,2,219514
1/2/2019,2,1040357
7/11/2018,2,1051634
7/5/2018,2,999905
5/1/2018,2,1010696
4/21/2018,2,134683
8/8/2016,2,980531
10/11/2018,2,1035656
6/27/2018,2,1089914
9/2/2016,2,1014852
9/27/2016,2,954218
3/29/2018,2,1046286
4/25/2018,2,1042899
8/29/2016,2,988430
7/21/2018,2,173790
11/18/2016,2,1024769
11/17/2016,2,955146
11/16/2018,2,1100391
3/1/2018,2,1028298
3/16/2017,2,1012790
9/1/2016,2,1016545
1/4/2019,2,1143813
12/29/2018,2,239811
12/5/2018,2,1020830
2/9/2018,2,1088133
8/6/2016,2,213655
6/13/2018,2,1083031
10/19/2016,2,782564
7/30/2018,2,1059358
5/18/2017,2,976663
12/20/2018,2,1047971
7/6/2018,2,1126582
8/26/2016,2,1020306
12/14/2016,2,937393
8/27/2016,2,216239
10/12/2018,2,1117083
11/15/2016,2,958628
12/31/2018,2,566525
11/16/2016,2,961658
7/12/2018,2,1018648
3/15/2017,2,817131
10/8/2018,2,1030799
10/5/2018,2,1155111
12/17/2018,2,1081718
3/30/2018,2,980679
10/17/2016,2,1003384
2/14/2018,2,1011001
4/19/2018,2,1036937
8/30/2016,2,979097
8/17/2017,2,1031006
7/20/2018,2,1155184
10/18/2016,2,960132
10/4/2018,2,1062168
8/31/2016,2,960872
3/20/2017,2,951385
12/10/2016,2,160866
10/21/2016,2,1033993
10/13/2018,2,155162
10/24/2016,2,977439
9/7/2016,2,949818
12/9/2016,2,1003222
12/6/2018,2,986788
12/12/2016,2,938978
1/17/2018,2,893495
6/16/2018,2,207616
6/18/2018,2,1029034
11/14/2018,2,1052501
7/28/2018,2,199093
12/13/2016,2,941831
9/3/2016,2,216132
3/17/2017,2,1024501
10/2/2018,2,1034414
10/20/2016,2,1172643
6/14/2018,2,1046130
11/15/2018,2,1031596
9/6/2016,2,1037653
4/27/2018,2,1103603
4/17/2018,2,1039868
11/14/2016,2,967670
10/11/2016,2,973586
7/28/2016,2,961107
5/7/2018,2,1045631
5/11/2018,2,1119370
6/24/2017,2,235542
9/14/2018,2,1096062
1/8/2019,2,983621
7/19/2016,2,953066
9/19/2016,2,985933
10/30/2018,2,1017025
10/3/2016,2,1018826
5/16/2018,2,1014556
4/18/2017,2,924025
11/27/2018,2,990286
4/16/2018,2,1039232
11/11/2016,2,1012733
5/5/2018,2,145937
5/15/2018,2,1048076
10/12/2016,2,969723
5/1/2017,2,982562
5/17/2018,2,1064197
2/10/2018,2,179368
4/10/2018,2,1011688
10/29/2018,2,1022635
11/12/2016,2,145390
1/22/2018,2,1014296
2/24/2018,2,166190
4/4/2018,2,1015717
11/1/2018,2,991496
9/17/2016,2,171506
10/10/2016,2,990869
7/27/2016,2,933367
1/7/2019,2,1059819
5/9/2018,2,1028900
7/29/2017,2,220454
11/21/2018,2,1010558
5/22/2018,2,1084673
9/16/2016,2,1045947
2/22/2018,2,1002231
5/10/2018,2,1029259
10/31/2018,2,1015292
7/29/2016,2,993241
11/8/2016,2,922084
9/20/2016,2,967466
12/27/2018,2,995235
11/7/2016,2,966278
10/1/2018,2,1055274
9/21/2018,2,1170183
5/4/2018,2,1119006
4/17/2017,2,949728
1/23/2018,2,1026318
4/28/2017,2,1048886
7/18/2016,2,994050
10/13/2016,2,987881
5/27/2017,2,264276
11/5/2016,2,136045
11/4/2016,2,1020841
12/3/2018,2,1042185
11/10/2017,2,1114006
7/20/2016,2,919145
10/25/2018,2,1009651
12/13/2018,2,1050106
11/10/2016,2,941063
11/9/2016,2,917037
7/4/2018,2,357067
4/20/2017,2,955624
9/29/2018,2,165670
11/28/2018,2,1004275
10/26/2018,2,1110195
9/17/2018,2,1040081
10/5/2016,2,987513
9/15/2016,2,962352
1/4/2018,2,899624
8/18/2018,2,184610
7/26/2016,2,971670
4/12/2018,2,1007984
10/6/2016,2,983666
5/3/2018,2,1036223
10/7/2016,2,1016418
5/2/2018,2,1017553
11/23/2018,2,704806
10/4/2016,2,955399
2/7/2018,2,938391
12/10/2018,2,1022616
12/26/2018,2,910316
7/25/2016,2,945366
9/16/2018,2,48804
11/7/2018,2,1044014
4/28/2018,2,150406
7/22/2017,2,202156
10/14/2016,2,1033257
11/9/2018,2,1116723
4/13/2018,2,1108030
12/11/2018,2,1035649
11/8/2018,2,1055642
9/22/2018,2,189676
5/8/2018,2,1039795
12/12/2018,2,1037317
11/2/2018,2,1130485
11/26/2018,2,991456
11/6/2018,2,1047034
9/23/2016,2,1005862
11/24/2018,2,129660
9/21/2016,2,955916
9/22/2016,2,988175
8/3/2016,2,963851
2/28/2018,2,1007311
5/20/2017,2,209162
7/16/2016,2,227264
5/30/2018,2,1064030
9/12/2018,2,1060421
11/30/2018,2,1101239
7/22/2016,2,990736
4/5/2017,2,969410
4/6/2017,2,954611
4/4/2017,2,967802
5/18/2018,2,1132100
8/15/2016,2,933784
5/31/2018,2,1029276
8/16/2016,2,947468
9/20/2018,2,1050030
4/7/2017,2,1010436
8/16/2018,2,1074994
3/31/2017,2,998315
3/30/2017,2,945837
5/28/2018,2,285437
12/24/2018,2,361577
8/2/2016,2,950541
10/22/2016,2,120946
5/29/2018,2,1002964
4/3/2017,2,952738
1/20/2018,2,215170
8/22/2016,2,976042
8/4/2016,2,968235
8/19/2016,2,1025889
11/1/2016,2,991803
11/2/2016,2,966860
10/31/2016,2,923926
8/23/2016,2,965767
9/24/2016,2,177828
8/4/2018,2,193304
11/3/2016,2,998061
4/11/2017,2,955387
8/18/2016,2,951072
4/10/2017,2,960383
12/1/2018,2,210712
10/15/2016,2,119526
8/17/2016,2,958454
4/13/2017,2,907456
4/3/2018,2,1009371
4/12/2017,2,955340
2/27/2018,2,1031673
8/1/2016,2,992322
10/23/2018,2,1083037
4/6/2018,2,1105844
9/4/2017,2,419850
7/23/2016,2,208297
7/30/2016,2,207934
10/24/2018,2,1055924
11/29/2018,2,1016734
5/24/2018,2,1067500
10/1/2016,2,165444
10/19/2018,2,911712
5/25/2018,2,1125083
10/18/2018,2,1162314
3/29/2017,2,913444
3/28/2017,2,939662
10/21/2017,2,223332
12/14/2018,2,1142012
10/22/2018,2,1153479
12/22/2016,2,899720
11/5/2018,2,1020063
12/19/2016,2,967493
3/7/2017,2,942945
1/27/2017,2,1039546
3/17/2018,2,173358
6/30/2018,2,188032
3/1/2017,2,916802
6/2/2017,2,1067207
3/13/2017,2,945057
3/8/2018,2,953959
12/20/2016,2,978108
3/6/2017,2,951432
11/3/2018,2,160070
7/8/2016,2,988323
5/26/2018,2,207244
12/16/2016,2,991358
3/27/2018,2,1031585
7/16/2018,2,1049017
3/8/2017,2,920767
12/17/2016,2,153538
2/15/2017,2,915438
3/2/2017,2,939472
7/13/2016,2,944929
8/27/2018,2,1091619
8/1/2018,2,1064389
1/26/2017,2,961741
7/17/2018,2,1068086
12/21/2016,2,918210
8/23/2018,2,1088173
12/8/2018,2,193399
8/12/2016,2,1032211
12/23/2016,2,711233
2/2/2017,2,945312
6/29/2018,2,1126705
3/3/2017,2,1002585
7/1/2016,2,1083152
8/29/2018,2,1095441
1/11/2017,2,958837
8/25/2018,2,185280
3/7/2018,2,981999
1/30/2017,2,996427
1/10/2017,2,973291
2/28/2017,2,922271
1/13/2017,2,1041562
3/14/2017,2,816548
1/12/2017,2,977609
1/26/2018,2,1133902
1/6/2017,2,968153
1/9/2017,2,959732
6/2/2018,2,241909
8/28/2018,2,1107081
1/5/2017,2,916506
8/11/2016,2,965681
7/7/2018,2,265253
12/15/2016,2,962024
7/1/2017,2,236404
3/9/2017,2,936283
1/25/2017,2,972258
3/10/2017,2,1019379
1/28/2017,2,159846
8/6/2018,2,1026242
8/24/2018,2,1118813
2/17/2017,2,1044803
1/23/2017,2,979347
1/3/2017,2,929777
9/4/2018,2,1060434
6/10/2017,2,236291
7/11/2016,2,968148
1/24/2017,2,958363
3/12/2018,2,1022777
1/4/2017,2,888356
7/7/2016,2,928293
2/16/2017,2,953594
1/2/2017,2,542087
7/9/2016,2,215042
10/14/2017,2,194661
1/21/2017,2,163526
11/17/2018,2,184116
1/20/2017,2,1049271
7/6/2016,2,936768
3/19/2018,2,995879
12/27/2016,2,860716
7/12/2016,2,956130
2/27/2017,2,972953
9/1/2018,2,245668
12/28/2016,2,850712
2/24/2017,2,1033964
12/26/2016,2,356515
12/30/2016,2,780885
2/22/2017,2,933379
12/29/2016,2,826635
2/20/2017,2,935906
2/21/2017,2,921044
2/23/2017,2,886164
2/10/2017,2,1008554
9/13/2016,2,970495
1/31/2017,2,960187
7/5/2016,2,966377
2/9/2017,2,850255
9/14/2016,2,960786
9/30/2017,2,199783
2/14/2017,2,919390
2/1/2017,2,962012
2/13/2017,2,933810
2/6/2017,2,921788
2/3/2017,2,1007004
2/7/2017,2,934888
2/8/2017,2,959775
3/31/2018,2,138844
3/6/2018,2,1042081
7/2/2016,2,177086
1/27/2018,2,197624
7/4/2017,2,323129
8/13/2018,2,1037553
1/18/2017,2,944394
7/4/2016,2,201464
6/3/2017,2,275117
9/7/2018,2,1129775
1/16/2017,2,945170
8/13/2016,2,178162
3/24/2018,2,182295
7/14/2018,2,189561
8/20/2016,2,234632
8/11/2018,2,179151
1/17/2017,2,941721
11/23/2016,2,894022
11/22/2016,2,980675
11/21/2016,2,1004370
11/28/2016,2,929470
11/25/2016,2,601721
11/26/2016,2,118282
12/15/2018,2,161488
4/1/2017,2,150860
11/19/2016,2,151505
10/20/2018,2,143873
1/19/2017,2,970113
1/14/2017,2,180766
3/10/2018,2,191034
10/28/2018,2,44776
4/8/2017,2,207984
4/14/2018,2,147737
11/25/2017,2,152988
10/7/2017,2,222723
10/27/2018,2,137480
1/5/2019,2,277510
12/30/2017,2,230522
12/9/2017,2,206698
6/17/2018,1,51581
8/26/2018,1,59285
10/29/2017,1,32617
10/1/2017,1,39904
9/16/2018,1,38415
2/25/2018,1,43048
1/7/2018,1,37752
4/30/2017,1,37922
5/28/2017,1,46426
12/2/2018,1,58450
9/24/2016,1,26481
4/23/2017,1,41394
3/18/2018,1,32170
6/24/2018,1,42078
9/2/2018,1,39209
12/31/2017,1,44354
8/20/2017,1,47380
2/26/2017,1,24918
6/4/2017,1,46172
5/7/2017,1,35446
11/25/2017,1,34417
5/6/2018,1,40835
3/25/2018,1,32992
6/9/2018,1,39263
6/10/2018,1,60059
5/13/2018,1,40948
7/29/2018,1,48390
11/27/2016,1,27251
8/27/2017,1,46592
7/15/2018,1,50866
1/28/2018,1,66955
4/15/2018,1,30214
11/20/2016,1,43315
1/8/2017,1,29880
3/11/2018,1,33978
9/10/2017,1,46542
1/14/2018,1,59742
11/25/2018,1,46528
4/29/2018,1,43932
11/26/2017,1,32990
10/28/2018,1,51691
2/11/2018,1,55123
8/6/2017,1,35340
2/4/2018,1,54496
7/22/2018,1,41864
12/4/2016,1,42294
10/21/2018,1,46036
10/20/2018,1,32731
12/16/2018,1,51201
4/2/2017,1,24470
11/5/2017,1,34667
9/9/2018,1,41407
3/26/2017,1,41454
4/22/2018,1,36774
8/5/2018,1,49101
8/12/2018,1,44783
12/17/2017,1,53768
10/14/2018,1,32545
12/3/2017,1,64548
10/8/2017,1,44346
12/11/2016,1,49664
3/19/2017,1,21234
11/4/2018,1,55566
9/3/2017,1,36172
9/30/2018,1,42542
5/14/2017,1,30388
8/19/2018,1,45856
12/18/2016,1,30152
9/24/2017,1,48804
2/18/2018,1,40724
6/25/2017,1,29070
4/1/2018,1,29120
7/30/2017,1,46560
10/15/2017,1,30246
9/17/2017,1,47252
11/11/2018,1,43668
12/10/2017,1,32418
5/27/2018,1,47606
10/22/2017,1,33910
4/8/2018,1,38225
10/7/2018,1,36223
5/21/2017,1,30064
12/23/2018,1,59696
6/3/2018,1,48602
5/20/2018,1,44272
7/17/2016,1,49156
6/18/2017,1,47364
11/19/2017,1,30090
9/4/2016,1,33120
7/8/2018,1,59528
9/23/2018,1,40806
10/16/2016,1,38154
3/4/2017,1,33722
8/14/2016,1,27416
7/2/2017,1,43908
1/15/2017,1,50941
4/16/2017,1,40626
4/29/2017,1,52774
11/26/2016,1,30120
3/25/2017,1,22193
3/25/2017,2,213774
11/20/2016,2,74320
4/22/2017,2,183272
10/23/2016,2,59180
5/29/2017,2,368211
5/6/2017,2,188284
7/31/2016,2,67258
4/1/2018,2,31359
4/30/2017,2,64612
4/29/2017,2,171747
4/15/2017,2,160377
3/11/2017,2,162216
3/18/2017,2,209646
9/18/2016,2,65484
5/13/2017,2,192944
11/23/2017,2,71134
8/28/2016,2,71126
8/19/2017,2,228837
6/9/2018,2,159241
11/22/2018,2,72347
7/2/2017,2,58226
8/5/2018,2,66081
9/15/2018,2,164682
11/19/2017,2,74476
9/3/2018,2,378956
2/18/2017,2,93176
9/5/2016,2,333118
11/10/2018,2,178935
10/1/2017,2,52274
11/18/2018,2,74034
3/5/2017,2,44429
2/4/2017,2,162192
8/12/2018,2,45468
1/22/2017,2,50224
12/17/2017,2,39890
12/4/2016,2,66447
7/29/2018,2,66086
9/23/2018,2,52746
1/15/2017,2,43232
6/4/2017,2,61736
3/12/2017,2,53610
12/23/2017,2,152175
1/1/2018,2,72382
2/5/2017,2,67912
12/31/2017,2,26240
12/11/2016,2,50286
12/24/2017,2,30388
8/14/2016,2,60986
11/4/2018,2,47612
2/11/2017,2,173496
2/12/2017,2,57694
3/25/2018,2,55164
7/8/2018,2,41694
9/17/2017,2,47865
7/15/2018,2,52455
11/25/2018,2,48396
9/10/2017,2,40233
9/30/2018,2,64494
1/29/2017,2,46940
9/9/2018,2,45642
7/22/2018,2,57644
1/21/2018,2,49616
11/12/2017,2,48224
1/1/2017,2,22042
12/31/2016,2,64418
1/8/2017,2,59448
7/9/2017,2,50154
1/7/2017,2,173004
6/25/2017,2,56490
10/14/2018,2,48640
12/24/2016,2,24020
12/18/2016,2,56388
7/3/2016,2,56072
9/24/2017,2,40914
1/28/2018,2,38890
2/25/2017,2,156186
10/21/2018,2,50248
12/9/2018,2,57518
2/26/2017,2,51139
7/10/2016,2,57054
8/20/2017,2,56332
2/19/2017,2,37702
3/11/2018,2,51586
3/4/2017,2,181840
4/8/2018,2,31325
7/1/2018,2,61670
8/27/2017,2,40020
4/15/2018,2,47316
10/8/2017,2,32360
6/11/2017,2,61116
6/18/2017,2,51384
11/27/2016,2,46798
7/24/2016,2,62486
9/2/2018,2,54872
4/9/2017,2,45670
3/18/2018,2,49334
11/24/2016,2,33554
12/2/2018,2,53964
11/11/2018,2,48868
1/14/2018,2,42892
8/19/2018,2,52596
8/26/2018,2,58115
10/6/2018,2,158881
10/7/2018,2,57464
5/14/2017,2,55959
12/30/2018,2,64478
5/20/2018,2,52904
3/26/2017,2,62326
9/4/2016,2,64328
10/22/2017,2,39184
5/27/2018,2,43364
10/15/2017,2,44322
10/29/2016,2,148690
10/30/2016,2,62940
8/21/2016,2,77664
2/11/2018,2,34664
3/19/2017,2,50654
2/18/2018,2,48587
7/17/2016,2,56306
8/6/2017,2,47066
11/6/2016,2,55290
12/3/2017,2,41108
7/16/2017,2,52316
11/13/2016,2,50790
4/23/2017,2,56466
6/10/2018,2,67560
1/6/2019,2,59090
12/23/2018,2,69236
12/22/2018,2,205038
5/21/2017,2,48529
9/11/2016,2,63998
4/2/2017,2,58171
5/7/2017,2,61834
4/29/2018,2,45340
6/3/2018,2,45498
10/16/2016,2,57574
11/26/2017,2,28516
10/9/2016,2,64878
10/2/2016,2,51896
10/8/2016,2,147503
1/7/2018,2,51047
7/23/2017,2,36410
5/28/2017,2,55348
5/6/2018,2,41898
5/13/2018,2,57736
2/4/2018,2,47904
6/17/2018,2,46490
4/22/2018,2,48112
12/16/2018,2,53654
2/3/2018,2,127260
9/25/2016,2,55866
11/5/2017,2,35652
4/16/2017,2,26014
9/3/2017,2,33372
1/1/2019,2,29654
2/25/2018,2,46530
10/29/2017,2,40078
10/28/2017,2,168268
7/30/2017,2,34182
3/4/2018,2,60832
6/24/2018,2,41303
12/10/2017,2,48530
8/7/2016,2,62662
8/13/2017,2,36840
12/25/2017,2,4890
1/2/2017,3,125932
12/15/2016,3,180377
1/11/2018,3,178061
11/13/2017,3,184363
9/20/2017,3,178525
11/29/2017,3,173964
1/4/2017,3,174209
12/12/2018,3,158226
9/5/2017,3,187913
8/15/2016,3,187776
8/14/2017,3,191289
10/24/2017,3,163632
9/4/2017,3,110111
6/29/2017,3,161390
12/4/2017,3,174696
1/30/2018,3,166197
6/27/2018,3,168791
7/18/2017,3,183662
2/27/2017,3,166410
11/28/2017,3,194366
11/22/2017,3,181809
7/3/2018,3,220391
9/19/2017,3,166333
10/5/2016,3,181589
3/31/2017,3,168668
12/26/2016,3,116018
11/28/2016,3,192613
10/31/2018,3,166713
1/7/2019,3,223867
12/27/2018,3,167480
11/26/2016,3,67221
7/13/2018,3,159981
1/11/2017,3,179866
11/25/2016,3,141662
7/14/2017,3,165067
8/31/2018,3,164268
5/15/2017,3,188908
12/23/2016,3,158387
8/28/2018,3,189852
1/9/2018,3,176703
6/28/2017,3,165616
10/20/2017,3,165787
10/22/2018,3,243925
1/3/2018,3,195816
3/6/2018,3,182765
11/12/2018,3,197129
11/21/2017,3,203517
12/24/2018,3,109637
11/5/2017,3,155236
10/27/2017,3,141521
8/25/2016,3,174479
10/29/2018,3,176021
10/16/2018,3,174404
12/21/2016,3,189580
8/8/2017,3,153365
1/3/2017,3,169419
10/11/2016,3,173946
8/7/2017,3,187390
7/2/2018,3,182294
8/31/2017,3,149327
11/15/2018,3,159850
10/13/2016,3,165304
10/6/2017,3,150228
11/14/2017,3,173714
11/6/2018,3,165517
7/5/2017,3,170855
12/20/2016,3,186414
11/30/2018,3,161773
10/12/2016,3,172782
11/17/2016,3,165235
8/30/2017,3,159227
10/10/2016,3,199611
4/17/2017,3,191759
9/3/2018,3,111839
4/4/2018,3,166084
7/27/2017,3,151308
11/27/2016,3,47509
11/16/2016,3,179237
4/9/2018,3,189491
9/7/2018,3,190194
12/16/2016,3,170316
10/19/2017,3,164906
10/7/2016,3,168264
1/10/2017,3,176197
12/19/2016,3,195209
11/19/2018,3,190683
11/18/2016,3,186292
8/23/2017,3,156873
10/14/2016,3,231463
5/25/2018,3,183189
11/2/2017,3,157567
1/5/2018,3,157917
9/16/2016,3,164064
2/24/2017,3,147656
1/5/2017,3,163498
11/22/2016,3,190093
4/24/2017,3,177978
4/6/2018,3,161210
12/8/2017,3,156313
7/19/2018,3,190840
12/26/2018,3,178228
8/10/2018,3,179973
2/20/2018,3,175612
3/9/2018,3,164468
7/16/2018,3,203424
4/19/2018,3,168313
4/21/2017,3,164733
12/17/2018,3,203442
4/10/2018,3,188586
3/14/2018,3,164807
8/15/2017,3,164042
10/5/2017,3,180109
10/23/2017,3,186606
10/26/2017,3,152539
9/15/2016,3,163803
9/20/2016,3,181297
4/26/2018,3,166012
8/22/2017,3,181389
9/21/2018,3,169645
11/7/2017,3,168523
3/13/2018,3,167699
12/21/2018,3,159399
11/21/2016,3,209040
1/9/2017,3,185900
7/3/2017,3,182396
7/31/2018,3,172389
7/12/2018,3,175638
9/21/2016,3,165429
7/4/2017,3,117797
3/15/2018,3,172531
3/5/2018,3,185129
12/28/2017,3,168134
9/19/2016,3,193835
11/27/2017,3,209756
1/6/2017,3,168907
1/13/2017,3,173705
10/25/2017,3,160640
6/11/2018,3,197451
11/27/2018,3,171509
1/12/2017,3,160959
10/31/2017,3,166108
11/23/2016,3,209431
12/5/2017,3,175116
6/4/2018,3,179166
6/27/2017,3,159346
1/18/2018,3,142424
10/30/2018,3,180469
7/21/2017,3,185220
1/31/2018,3,180537
12/27/2017,3,172856
4/19/2017,3,150551
7/30/2018,3,201587
8/10/2017,3,164227
6/14/2018,3,165793
12/13/2018,3,163017
8/9/2017,3,186424
12/21/2017,3,162168
6/30/2017,3,170660
9/11/2018,3,179597
8/28/2017,3,183119
7/17/2018,3,191790
4/25/2017,3,169789
6/26/2017,3,188031
4/5/2018,3,165563
8/11/2017,3,195074
4/18/2017,3,168790
9/30/2016,3,173203
9/29/2016,3,166549
1/29/2018,3,178196
11/20/2016,3,68943
11/28/2018,3,165558
11/19/2016,3,52223
9/18/2018,3,176749
7/25/2017,3,163290
10/3/2016,3,175985
7/17/2017,3,170370
8/29/2018,3,185150
10/4/2016,3,185227
12/27/2016,3,180670
2/1/2018,3,151275
4/20/2018,3,168003
12/28/2016,3,187715
11/15/2016,3,193733
2/19/2018,3,179101
4/20/2017,3,160771
9/2/2018,3,47191
9/23/2016,3,161993
8/21/2017,3,176992
3/16/2018,3,169331
9/22/2016,3,171460
11/16/2018,3,152007
9/10/2018,3,198141
12/30/2016,3,169523
1/26/2018,3,165480
9/27/2016,3,179137
4/10/2017,3,190042
5/29/2018,3,192745
8/16/2017,3,147260
12/6/2017,3,172780
12/29/2016,3,166713
9/28/2016,3,172623
11/29/2018,3,177213
1/10/2018,3,171247
9/26/2016,3,183245
10/25/2018,3,162894
12/7/2017,3,147803
3/28/2017,3,163340
4/13/2018,3,179032
8/17/2017,3,184718
8/25/2017,3,164166
6/28/2018,3,160313
12/14/2016,3,197135
5/9/2017,3,162494
12/11/2017,3,178106
9/7/2016,3,183560
11/26/2017,3,28466
12/6/2016,3,196615
5/25/2017,3,157174
2/17/2017,3,167862
12/1/2017,3,163596
9/8/2016,3,181135
9/14/2017,3,180632
11/3/2018,3,61060
3/29/2017,3,162137
3/27/2017,3,172149
1/22/2018,3,188728
3/6/2017,3,179974
4/24/2018,3,191530
6/29/2018,3,164617
9/6/2016,3,200877
6/9/2017,3,151733
7/10/2018,3,212340
7/11/2017,3,193548
3/9/2017,3,151693
6/15/2017,3,167550
10/17/2018,3,172609
4/23/2018,3,179306
11/23/2018,3,157047
8/2/2018,3,163145
9/26/2017,3,178347
12/7/2018,3,184327
11/24/2017,3,126024
5/8/2017,3,174081
2/16/2017,3,157394
1/3/2019,3,192945
12/7/2016,3,178704
10/18/2018,3,174146
8/3/2018,3,175796
4/3/2017,3,178277
7/23/2018,3,188518
2/7/2018,3,156512
7/25/2018,3,180352
12/13/2016,3,203675
11/9/2017,3,162643
5/26/2017,3,135732
3/28/2018,3,163803
3/30/2017,3,143229
6/13/2018,3,170730
6/8/2017,3,148604
9/14/2018,3,155678
11/7/2018,3,167260
12/31/2018,3,139758
9/15/2017,3,162176
9/19/2018,3,168466
7/31/2017,3,165773
6/12/2017,3,192846
8/18/2017,3,166770
12/14/2018,3,166413
11/1/2018,3,136392
5/22/2017,3,194368
3/29/2018,3,181917
5/1/2017,3,183560
3/24/2017,3,148782
2/12/2018,3,182744
10/13/2017,3,150340
11/30/2017,3,172750
3/8/2018,3,154144
12/13/2017,3,184708
7/7/2017,3,172730
11/20/2017,3,179913
3/23/2017,3,160944
4/17/2018,3,179407
9/2/2016,3,161722
5/17/2017,3,162830
12/18/2018,3,176899
8/24/2017,3,151774
9/5/2016,3,120993
3/12/2018,3,178549
5/10/2017,3,163184
10/10/2017,3,163120
10/23/2018,3,165362
1/16/2018,3,162864
5/24/2017,3,160518
5/23/2017,3,186051
12/6/2018,3,166211
11/20/2018,3,172612
9/9/2016,3,193356
11/1/2017,3,158199
10/24/2018,3,164040
5/5/2017,3,167833
3/26/2018,3,187418
2/15/2017,3,168002
12/12/2016,3,189332
7/10/2017,3,198760
7/9/2018,3,196973
7/24/2018,3,185497
4/13/2017,3,152080
12/10/2016,3,66506
12/19/2018,3,171624
6/6/2017,3,181679
6/15/2018,3,162057
11/21/2018,3,185974
3/27/2018,3,176216
12/10/2018,3,178783
6/7/2018,3,159118
4/12/2017,3,168273
9/14/2016,3,183109
4/16/2018,3,169904
3/23/2018,3,180057
6/5/2017,3,177545
12/9/2016,3,186776
9/1/2017,3,150545
5/4/2017,3,149037
10/12/2017,3,165018
7/26/2017,3,157568
6/2/2017,3,164771
2/8/2018,3,155686
3/7/2017,3,142895
4/6/2017,3,153913
12/8/2016,3,176112
3/22/2018,3,163189
3/8/2017,3,153360
4/7/2017,3,159561
2/9/2018,3,156387
11/14/2018,3,176058
5/30/2017,3,178981
10/11/2017,3,160289
1/17/2018,3,158825
7/24/2017,3,185405
7/28/2017,3,176577
9/13/2018,3,172055
12/11/2018,3,167970
4/4/2017,3,160070
6/7/2017,3,164267
11/10/2017,3,161871
4/5/2017,3,150363
5/29/2017,3,123157
9/13/2016,3,183069
4/11/2017,3,166001
5/31/2018,3,160506
1/2/2019,3,163130
9/5/2018,3,172084
1/19/2018,3,171208
6/1/2017,3,167581
7/20/2018,3,185083
9/12/2016,3,195816
5/31/2017,3,192229
8/29/2017,3,179106
8/23/2016,3,204133
10/26/2018,3,144520
8/1/2018,3,172746
3/20/2018,3,183906
4/27/2017,3,144649
8/22/2016,3,204990
6/21/2017,3,176789
1/8/2019,3,177085
9/18/2017,3,165843
2/22/2017,3,179414
4/2/2018,3,176701
10/16/2017,3,195924
11/3/2017,3,135050
11/5/2018,3,170042
11/8/2018,3,166331
9/17/2018,3,189479
7/6/2017,3,193854
9/12/2018,3,155833
7/11/2018,3,172043
10/18/2017,3,159087
3/19/2018,3,191873
1/4/2019,3,187219
11/6/2017,3,164613
7/18/2018,3,202574
1/12/2018,3,154602
7/19/2017,3,166024
3/3/2017,3,148539
3/7/2018,3,160416
12/28/2018,3,166318
11/30/2016,3,182528
12/4/2018,3,158547
12/1/2016,3,180421
2/14/2018,3,170663
8/8/2018,3,183176
8/24/2016,3,177676
10/17/2017,3,177875
1/24/2018,3,156726
8/2/2017,3,164959
6/12/2018,3,181280
11/29/2016,3,191032
11/26/2018,3,173901
4/18/2018,3,177777
8/17/2016,3,190372
8/18/2016,3,190379
7/27/2018,3,172187
4/26/2017,3,153943
6/5/2018,3,196230
2/2/2018,3,169619
8/16/2016,3,195130
6/18/2018,3,193244
6/23/2017,3,167077
4/11/2018,3,149266
1/25/2018,3,159156
12/3/2018,3,170334
3/2/2017,3,160910
8/19/2016,3,176807
6/22/2017,3,160629
8/3/2017,3,159589
2/15/2018,3,163782
4/3/2018,3,151735
7/4/2018,3,97972
7/6/2018,3,173752
12/5/2018,3,158767
6/8/2018,3,166122
11/16/2017,3,176276
12/5/2016,3,188468
8/6/2018,3,165634
5/12/2017,3,168408
12/20/2018,3,161484
12/3/2016,3,60341
8/30/2016,3,194980
1/23/2018,3,225646
8/31/2016,3,183053
7/26/2018,3,178970
3/17/2017,3,159178
6/19/2017,3,196295
7/5/2018,3,174602
3/16/2017,3,140518
3/30/2018,3,159514
1/15/2018,3,182985
6/16/2017,3,185734
9/20/2018,3,160382
11/19/2017,3,61892
3/21/2017,3,161529
2/13/2018,3,177731
9/1/2016,3,171209
3/22/2017,3,147178
3/20/2017,3,198442
7/20/2017,3,165455
5/11/2017,3,152044
6/1/2018,3,164266
6/13/2017,3,164626
2/6/2018,3,179931
11/13/2018,3,170372
6/6/2018,3,170172
8/28/2016,3,50873
3/13/2017,3,177331
8/26/2016,3,180559
9/6/2018,3,168986
4/12/2018,3,155467
12/2/2016,3,164401
2/20/2017,3,233913
8/29/2016,3,169815
10/2/2017,3,178453
2/5/2018,3,173686
4/28/2017,3,159103
8/30/2018,3,178729
4/25/2018,3,155737
8/7/2018,3,195942
3/15/2017,3,150702
10/9/2017,3,195040
5/30/2018,3,190616
11/15/2017,3,152457
8/1/2017,3,169798
7/28/2016,3,160545
7/29/2016,3,179411
6/20/2017,3,159784
10/10/2018,3,139449
10/1/2018,3,169070
5/21/2018,3,175427
4/27/2018,3,160849
12/22/2017,3,150698
2/3/2017,3,156036
5/14/2018,3,191573
9/29/2017,3,152455
2/22/2018,3,135729
9/8/2017,3,164081
9/13/2017,3,161594
11/9/2016,3,179928
5/7/2018,3,179569
9/28/2017,3,158028
7/27/2016,3,179387
12/18/2017,3,189077
1/4/2018,3,206387
8/15/2018,3,182986
7/26/2016,3,204074
5/24/2018,3,143996
4/30/2018,3,185978
6/21/2018,3,180196
10/5/2018,3,149551
6/25/2018,3,180870
12/14/2017,3,168689
10/17/2016,3,203182
11/7/2016,3,195462
2/21/2018,3,163495
8/21/2018,3,167752
12/29/2017,3,168290
10/18/2016,3,200218
8/3/2016,3,175095
2/7/2017,3,184346
7/12/2017,3,171619
7/13/2016,3,187981
5/8/2018,3,172635
2/8/2017,3,158382
1/2/2018,3,194702
8/20/2018,3,198203
10/11/2018,3,167005
2/6/2017,3,161309
8/1/2016,3,192094
12/19/2017,3,168513
11/8/2016,3,171669
9/26/2018,3,169846
7/30/2016,3,57856
8/2/2016,3,179331
9/7/2017,3,165038
9/25/2018,3,184555
9/25/2017,3,182999
2/26/2018,3,181692
11/14/2016,3,186992
7/19/2016,3,191295
5/28/2018,3,113832
1/17/2017,3,171538
9/12/2017,3,154874
1/19/2017,3,180265
5/4/2018,3,165006
9/27/2017,3,138347
12/26/2017,3,172839
10/4/2018,3,154452
5/18/2018,3,167100
6/22/2018,3,168017
1/16/2017,3,207105
7/18/2016,3,200152
12/12/2017,3,180026
10/12/2018,3,169453
1/24/2017,3,162400
8/22/2018,3,180438
8/17/2018,3,185015
9/4/2018,3,180603
5/11/2018,3,172490
1/20/2017,3,159140
1/27/2017,3,145676
1/23/2017,3,193903
7/22/2016,3,189261
2/23/2018,3,166676
7/25/2016,3,181336
11/10/2016,3,180539
9/21/2017,3,154707
2/1/2017,3,154700
2/28/2017,3,175111
5/10/2018,3,164193
9/22/2017,3,176971
7/21/2016,3,166644
7/20/2016,3,181486
1/30/2017,3,192248
11/11/2016,3,170883
6/14/2017,3,153916
10/24/2016,3,216999
5/23/2018,3,188590
10/3/2017,3,158388
9/27/2018,3,144611
5/3/2018,3,153771
2/16/2018,3,150105
5/22/2018,3,185178
5/9/2018,3,174048
10/21/2016,3,183739
10/31/2016,3,207037
8/9/2016,3,194885
8/27/2018,3,180846
9/11/2017,3,144287
6/20/2018,3,169791
8/10/2016,3,183482
8/8/2016,3,191379
10/25/2016,3,186506
8/13/2016,3,55898
8/6/2016,3,60261
10/27/2016,3,159247
10/26/2016,3,174083
8/5/2016,3,174078
8/24/2018,3,167505
10/19/2016,3,149038
9/28/2018,3,179681
7/15/2016,3,172876
10/4/2017,3,175294
10/8/2018,3,159756
10/28/2016,3,158076
6/19/2018,3,185427
2/23/2017,3,144210
10/20/2016,3,199452
7/11/2016,3,200963
2/13/2017,3,162087
7/7/2016,3,199844
10/9/2018,3,180727
7/8/2016,3,180687
2/14/2017,3,154649
7/6/2016,3,182178
5/1/2018,3,161789
11/3/2016,3,162087
2/10/2017,3,159148
8/4/2016,3,160834
11/4/2016,3,170760
7/12/2016,3,193722
7/13/2017,3,163750
9/6/2017,3,174916
12/20/2017,3,162352
8/12/2016,3,175222
7/1/2016,3,173144
11/2/2016,3,167119
5/2/2018,3,160153
7/2/2016,3,49367
8/16/2018,3,177130
11/1/2016,3,186983
8/11/2016,3,168150
7/5/2016,3,200103
7/4/2016,3,100728
11/17/2017,3,168298
3/1/2018,3,168402
12/15/2017,3,150267
10/15/2018,3,165657
2/27/2018,3,160184
10/3/2018,3,168261
5/16/2018,3,164034
9/24/2018,3,190931
8/14/2018,3,178183
10/2/2018,3,155594
10/6/2016,3,156242
2/28/2018,3,151308
8/4/2017,3,162127
5/15/2018,3,172067
2/21/2017,3,160926
6/26/2018,3,181787
8/13/2018,3,197106
5/17/2018,3,183116
11/9/2018,3,154718
5/3/2017,3,152942
1/18/2017,3,185356
12/22/2016,3,191081
3/1/2017,3,159682
3/2/2018,3,152131
1/26/2017,3,165187
2/2/2017,3,157915
1/31/2017,3,169454
7/14/2016,3,182318
1/25/2017,3,158011
7/16/2017,3,44252
12/30/2017,3,81014
12/16/2017,3,57140
5/27/2018,3,38717
10/30/2016,3,37603
2/4/2018,3,37756
6/3/2017,3,62596
11/5/2016,3,58423
1/13/2018,3,62100
6/10/2017,3,90714
2/9/2017,3,144030
10/20/2018,3,39677
12/25/2017,3,3378
1/28/2017,3,59279
4/8/2017,3,65474
2/4/2017,3,59110
1/28/2018,3,28003
4/1/2017,3,61753
2/11/2017,3,76036
7/15/2017,3,49992
11/24/2018,3,58688
4/14/2017,3,169635
3/25/2017,3,67381
11/12/2016,3,63850
1/22/2017,3,57246
1/21/2018,3,19356
12/31/2017,3,23508
3/18/2017,3,54105
1/7/2018,3,31281
12/29/2018,3,91863
8/9/2018,3,169658
3/25/2018,3,29865
12/24/2016,3,57577
11/2/2018,3,173984
7/8/2017,3,71799
9/9/2017,3,65441
2/25/2018,3,31381
9/23/2017,3,66585
3/21/2018,3,154339
10/15/2017,3,31560
10/29/2017,3,27842
3/4/2018,3,29270
3/17/2018,3,47509
5/19/2017,3,167204
8/25/2018,3,60785
1/7/2017,3,57123
4/1/2018,3,21315
5/13/2017,3,68910
12/31/2016,3,63130
6/23/2018,3,55084
10/30/2017,3,171357
8/20/2017,3,36656
2/18/2018,3,41430
8/23/2018,3,172513
8/26/2017,3,62428
5/6/2018,3,36860
2/24/2018,3,66549
6/24/2017,3,64719
12/17/2016,3,53593
12/3/2017,3,42338
5/2/2017,3,145755
4/29/2017,3,63849
9/24/2017,3,26283
9/30/2017,3,66219
7/29/2017,3,67146
4/15/2018,3,40118
8/5/2017,3,60590
12/18/2016,3,53765
5/20/2017,3,52645
7/8/2018,3,37161
12/23/2018,3,46174
8/12/2017,3,67105
11/8/2017,3,148113
5/16/2017,3,143694
10/22/2017,3,32871
7/22/2017,3,59040
5/27/2017,3,69730
7/23/2017,3,30676
3/4/2017,3,62866
4/15/2017,3,61839
6/30/2018,3,79423
4/7/2018,3,60069
11/11/2017,3,58313
11/12/2017,3,31464
10/7/2018,3,38071
5/18/2017,3,160262
3/14/2017,3,152659
1/14/2017,3,66531
2/25/2017,3,61071
3/11/2017,3,68322
9/3/2017,3,32742
3/10/2017,3,144988
10/7/2017,3,72241
9/17/2017,3,34617
9/8/2018,3,65970
11/10/2018,3,47641
12/2/2017,3,75844
12/9/2017,3,62083
3/10/2018,3,68458
12/23/2017,3,62484
8/13/2017,3,32568
3/3/2018,3,64715
7/2/2017,3,39018
9/1/2018,3,80692
2/17/2018,3,46499
6/17/2018,3,37358
7/30/2017,3,36113
2/10/2018,3,62502
10/28/2018,3,33536
12/8/2018,3,56962
4/14/2018,3,56674
11/18/2017,3,58652
11/25/2017,3,66625
3/31/2018,3,58402
3/24/2018,3,55360
1/27/2018,3,60557
2/3/2018,3,53098
8/27/2017,3,26649
10/8/2017,3,22426
8/19/2018,3,54790
9/10/2017,3,38244
12/16/2018,3,38929
9/17/2016,3,30947
7/23/2016,3,62788
7/15/2018,3,36398
5/7/2017,3,35938
3/11/2018,3,31512
7/1/2017,3,78905
10/2/2016,3,34381
6/4/2017,3,37660
9/16/2018,3,39187
3/19/2017,3,44404
7/7/2018,3,66580
10/1/2016,3,50131
7/9/2017,3,27974
1/8/2017,3,35200
9/18/2016,3,53154
8/7/2016,3,44517
10/21/2018,3,55333
8/14/2016,3,39902
1/15/2017,3,29914
5/20/2018,3,41656
4/2/2017,3,34878
4/16/2017,3,19798
6/24/2018,3,38367
12/10/2017,3,28406
7/28/2018,3,53365
7/14/2018,3,55113
11/6/2016,3,39708
8/27/2016,3,62541
8/11/2018,3,75650
5/14/2017,3,30607
1/6/2018,3,63321
11/4/2018,3,42388
6/17/2017,3,51431
1/6/2019,3,40224
2/18/2017,3,19179
1/5/2019,3,65580
5/6/2017,3,52543
8/12/2018,3,36674
2/11/2018,3,25806
10/14/2017,3,63631
5/28/2017,3,40413
7/1/2018,3,35137
12/9/2018,3,37280
7/29/2018,3,38069
9/22/2018,3,59184
4/30/2017,3,25763
11/4/2017,3,71397
12/24/2017,3,24622
7/24/2016,3,31857
11/17/2018,3,49698
8/5/2018,3,36354
11/18/2018,3,51642
3/12/2017,3,32239
12/22/2018,3,67989
8/19/2017,3,48991
2/5/2017,3,40231
8/26/2018,3,36202
10/29/2016,3,48656
5/5/2018,3,70562
9/24/2016,3,49425
7/3/2016,3,41117
9/25/2016,3,38863
6/16/2018,3,91499
12/17/2017,3,23862
3/26/2017,3,38861
8/4/2018,3,61234
4/8/2018,3,21652
1/1/2018,3,28228
6/3/2018,3,39138
10/15/2016,3,44506
11/13/2016,3,37809
11/11/2018,3,35590
2/12/2017,3,43713
9/30/2018,3,34603
10/16/2016,3,44697
9/10/2016,3,46508
8/6/2017,3,22421
4/23/2017,3,42193
9/11/2016,3,30495
9/29/2018,3,64027
11/23/2017,3,21932
6/18/2017,3,38812
1/1/2019,3,48897
8/21/2016,3,36226
1/21/2017,3,47183
4/22/2018,3,39712
3/5/2017,3,36640
5/21/2017,3,46513
9/23/2018,3,28761
11/22/2018,3,32153
5/12/2018,3,55754
10/22/2016,3,63889
4/9/2017,3,29471
10/19/2018,3,50237
10/14/2018,3,31342
10/1/2017,3,33447
4/22/2017,3,38689
10/13/2018,3,53922
1/14/2018,3,29006
1/29/2017,3,33434
5/19/2018,3,39424
8/18/2018,3,50840
4/29/2018,3,31108
12/1/2018,3,54035
10/6/2018,3,71117
4/28/2018,3,56873
9/9/2018,3,40953
6/2/2018,3,65939
4/21/2018,3,56323
8/20/2016,3,46235
6/10/2018,3,37011
10/8/2016,3,45284
6/25/2017,3,43008
10/23/2016,3,37359
12/2/2018,3,44971
7/22/2018,3,43970
10/9/2016,3,37352
9/16/2017,3,61277
7/31/2016,3,35817
7/17/2016,3,44673
7/16/2016,3,38874
10/21/2017,3,54076
10/27/2018,3,56362
7/10/2016,3,36283
12/4/2016,3,39923
12/30/2018,3,42254
7/9/2016,3,53573
5/26/2018,3,69926
2/26/2017,3,34193
12/11/2016,3,39788
6/11/2017,3,33200
12/15/2018,3,62974
9/15/2018,3,53732
2/19/2017,3,2796
7/21/2018,3,52867
9/3/2016,3,60617
9/4/2016,3,34777
3/18/2018,3,31120
10/28/2017,3,54023
11/25/2018,3,34718
9/2/2017,3,64995
1/20/2018,3,55874
5/13/2018,3,38424
1/1/2017,3,26562
6/9/2018,3,44275
8/24/2017,4,20204
3/13/2018,4,19074
10/26/2016,4,25794
8/14/2018,4,23919
3/29/2018,4,14827
2/2/2018,4,26744
9/30/2016,4,36240
8/8/2017,4,17675
2/16/2017,4,28776
12/14/2016,4,24192
4/12/2017,4,25628
11/29/2016,4,35812
11/10/2017,4,25540
4/13/2018,4,22433
8/20/2018,4,15078
7/5/2018,4,9623
3/22/2018,4,21787
11/21/2017,4,20577
7/9/2018,4,15512
5/8/2017,4,31734
2/23/2017,4,27700
3/27/2017,4,27595
5/31/2017,4,29394
4/30/2018,4,21399
7/20/2018,4,24612
10/5/2016,4,24948
9/28/2018,4,20847
9/25/2017,4,19428
9/7/2017,4,18356
3/16/2018,4,15049
4/26/2017,4,31314
12/27/2018,4,11526
8/18/2017,4,30388
4/20/2018,4,22011
1/8/2019,4,17378
11/29/2017,4,13602
11/18/2016,4,26465
10/19/2018,4,5286
7/26/2017,4,20947
1/7/2019,4,18220
8/24/2016,4,22794
9/13/2018,4,13651
9/3/2018,4,8834
7/27/2017,4,18558
11/5/2018,4,18466
7/18/2016,4,28150
11/21/2018,4,14346
10/30/2017,4,23028
5/2/2018,4,8793
10/25/2017,4,12712
8/31/2016,4,23104
5/9/2017,4,26962
2/15/2017,4,26574
10/20/2016,4,21936
12/28/2018,4,20373
11/14/2018,4,14838
8/10/2017,4,15871
8/13/2018,4,14292
12/26/2018,4,11592
2/24/2017,4,30090
1/12/2017,4,31182
2/22/2018,4,15320
9/16/2016,4,31965
1/10/2018,4,20671
2/7/2018,4,15096
10/13/2016,4,22228
6/14/2018,4,14398
7/21/2017,4,30255
5/10/2017,4,26761
7/3/2018,4,13464
5/18/2017,4,24841
3/15/2017,4,25098
9/14/2018,4,24789
3/8/2018,4,13782
8/21/2017,4,15636
3/1/2018,4,20283
8/21/2018,4,14953
8/23/2017,4,27742
8/29/2017,4,18216
10/3/2018,4,16293
1/2/2018,4,11717
10/11/2018,4,9865
7/25/2017,4,21170
7/4/2018,4,7351
7/25/2016,4,26473
12/19/2016,4,27003
12/9/2016,4,27664
2/13/2018,4,24238
12/6/2017,4,20080
10/21/2016,4,36075
8/9/2017,4,21188
4/14/2017,4,37752
8/22/2016,4,24462
4/11/2017,4,26864
5/17/2017,4,30481
11/27/2017,4,14508
10/9/2017,4,19052
6/1/2017,4,29022
10/15/2018,4,16466
2/23/2018,4,24427
1/5/2017,4,28038
11/3/2016,4,26670
7/17/2018,4,27057
8/4/2017,4,21777
5/1/2018,4,12338
9/8/2016,4,26754
12/6/2018,4,19890
11/13/2018,4,13451
3/1/2017,4,22590
6/27/2018,4,13769
9/15/2017,4,24386
12/22/2016,4,27827
2/27/2018,4,17916
3/26/2018,4,22003
10/12/2017,4,22363
9/18/2017,4,19688
10/17/2018,4,20476
8/25/2017,4,19941
10/4/2016,4,27992
3/6/2018,4,20658
7/5/2016,4,30410
7/14/2016,4,27174
7/6/2018,4,16444
10/31/2017,4,18600
12/27/2017,4,16042
1/19/2018,4,21979
10/4/2017,4,19722
9/7/2016,4,35209
7/27/2016,4,27906
2/8/2018,4,17355
11/22/2017,4,15886
8/26/2016,4,30184
8/1/2017,4,17609
12/15/2017,4,22496
3/7/2017,4,29725
5/5/2017,4,30498
9/12/2018,4,16879
9/19/2017,4,24962
9/18/2018,4,13440
6/7/2017,4,29399
8/7/2017,4,23102
12/17/2018,4,20006
4/11/2018,4,16560
5/3/2017,4,33083
10/2/2017,4,22607
8/3/2016,4,32880
8/19/2016,4,37222
12/4/2017,4,21126
9/29/2016,4,27168
8/3/2017,4,20193
2/6/2017,4,27536
11/28/2018,4,15921
3/9/2017,4,24195
6/2/2017,4,32448
8/25/2016,4,33211
8/17/2016,4,28434
7/15/2016,4,34089
5/15/2017,4,32900
11/22/2016,4,28532
4/18/2017,4,32014
5/15/2018,4,18440
8/27/2018,4,13836
11/4/2016,4,35102
12/21/2017,4,22159
12/13/2018,4,16341
9/24/2018,4,12462
12/12/2016,4,32406
10/10/2016,4,26322
8/2/2017,4,24777
12/7/2017,4,16453
6/13/2018,4,18594
11/6/2017,4,19413
2/14/2017,4,26503
4/2/2018,4,14376
11/23/2016,4,32438
5/16/2017,4,31668
10/26/2017,4,16794
5/2/2017,4,29107
5/21/2018,4,9138
8/3/2018,4,17819
9/13/2017,4,20367
4/10/2017,4,27392
7/16/2018,4,11363
2/1/2018,4,17702
10/27/2017,4,23746
7/28/2017,4,28650
7/26/2016,4,24355
2/3/2017,4,30723
11/8/2017,4,22784
7/13/2016,4,31255
4/12/2018,4,19776
7/31/2018,4,15020
5/24/2018,4,9822
2/26/2018,4,17447
1/22/2018,4,20886
5/16/2018,4,13322
2/6/2018,4,19184
4/29/2017,4,2370
10/16/2018,4,17316
1/27/2017,4,25111
6/6/2017,4,27395
7/28/2016,4,23575
10/6/2016,4,20784
3/29/2017,4,31781
1/18/2018,4,17272
6/26/2018,4,20893
9/27/2016,4,30792
10/25/2018,4,17282
1/9/2018,4,19225
10/18/2018,4,22804
6/25/2018,4,14832
9/27/2018,4,19404
11/3/2017,4,25381
2/21/2017,4,25537
12/21/2016,4,24277
8/23/2016,4,23178
4/13/2017,4,24582
5/1/2017,4,26720
2/17/2017,4,29612
8/16/2017,4,21525
8/9/2016,4,22479
6/12/2018,4,17601
5/4/2018,4,16974
8/28/2017,4,25286
9/11/2018,4,19108
3/5/2018,4,21736
1/23/2018,4,14414
11/17/2017,4,22787
10/1/2018,4,17219
7/13/2018,4,16194
12/31/2018,4,13903
9/9/2016,4,29659
6/19/2018,4,18180
6/5/2017,4,32698
6/28/2018,4,12038
12/19/2018,4,15392
7/19/2018,4,19343
10/5/2018,4,25807
11/16/2018,4,22577
3/14/2017,4,26274
12/21/2018,4,18670
7/10/2018,4,18308
1/9/2017,4,23310
5/22/2018,4,12202
2/2/2017,4,23799
4/26/2018,4,14934
4/25/2018,4,12559
8/9/2018,4,11298
7/11/2018,4,20436
8/23/2018,4,20509
9/5/2017,4,10848
4/18/2018,4,19744
11/2/2018,4,20330
11/30/2016,4,23367
11/16/2017,4,16578
7/11/2016,4,27878
6/7/2018,4,17921
5/22/2017,4,35937
6/21/2018,4,15248
6/21/2017,4,18417
7/31/2017,4,18947
4/27/2017,4,24376
3/19/2018,4,14080
7/19/2016,4,26693
3/3/2017,4,31472
12/13/2017,4,19912
1/3/2019,4,14716
10/22/2018,4,18336
8/30/2018,4,11424
2/9/2018,4,23212
9/6/2016,4,21588
2/5/2018,4,18862
4/3/2017,4,32101
8/31/2017,4,18523
3/23/2017,4,28124
12/20/2017,4,25976
8/1/2016,4,23088
12/8/2016,4,30979
9/1/2017,4,20827
3/22/2017,4,24636
11/30/2018,4,21994
10/10/2018,4,17149
11/28/2017,4,14152
10/24/2018,4,15337
8/30/2016,4,24672
11/9/2017,4,18894
6/29/2018,4,23670
3/21/2018,4,25939
7/1/2016,4,31849
6/13/2017,4,18733
12/8/2018,4,7404
3/27/2018,4,11196
5/23/2018,4,9580
8/6/2018,4,16398
12/6/2016,4,27114
5/26/2017,4,29814
10/12/2018,4,20811
9/19/2018,4,18892
7/2/2018,4,12930
12/20/2018,4,22800
9/26/2018,4,15131
12/2/2016,4,33319
9/14/2016,4,29087
6/20/2018,4,13379
12/1/2016,4,30594
11/26/2018,4,20109
8/8/2018,4,17245
9/13/2016,4,27469
3/24/2017,4,29937
3/2/2018,4,20716
9/8/2017,4,24400
8/4/2016,4,24180
9/2/2016,4,36200
11/1/2017,4,17262
9/11/2017,4,18636
11/15/2017,4,16715
9/12/2017,4,14742
2/28/2018,4,21494
8/29/2018,4,19966
9/21/2017,4,20508
9/1/2016,4,31657
9/6/2017,4,26963
2/1/2017,4,24048
9/21/2018,4,16751
5/25/2017,4,33488
5/17/2018,4,14110
10/8/2018,4,17978
2/12/2018,4,24559
1/26/2018,4,26382
12/5/2016,4,24417
12/29/2017,4,19666
10/28/2016,4,33114
5/24/2017,4,31813
5/23/2017,4,22610
9/20/2018,4,12152
7/5/2017,4,18952
5/4/2017,4,24259
4/24/2018,4,20055
8/24/2018,4,18494
10/9/2018,4,16414
1/11/2018,4,20957
1/31/2017,4,25672
3/17/2017,4,34887
12/12/2018,4,17651
4/17/2018,4,19882
12/28/2016,4,24924
6/12/2017,4,19428
6/29/2017,4,24917
1/3/2018,4,18270
11/19/2018,4,16943
8/16/2018,4,21389
10/17/2017,4,18275
7/26/2018,4,17536
3/21/2017,4,23730
1/2/2019,4,17568
3/8/2017,4,21355
4/4/2017,4,30027
7/25/2018,4,12642
11/7/2017,4,21183
12/22/2017,4,18384
9/17/2018,4,13959
8/7/2018,4,16348
8/30/2017,4,19332
11/1/2016,4,35851
11/27/2018,4,17208
1/3/2017,4,23273
12/19/2017,4,13406
6/30/2017,4,24076
11/20/2017,4,22698
3/16/2017,4,30039
3/28/2018,4,22441
5/19/2017,4,32565
5/3/2018,4,12961
5/12/2017,4,43224
3/28/2017,4,22707
3/6/2017,4,27372
12/26/2017,4,11271
1/6/2017,4,27295
8/31/2018,4,22889
1/5/2018,4,20800
9/25/2018,4,15735
6/15/2018,4,19720
4/23/2018,4,18338
6/8/2018,4,21547
4/27/2018,4,22737
5/11/2017,4,33331
8/29/2016,4,25182
9/29/2017,4,25746
11/2/2017,4,17745
8/5/2016,4,33585
10/16/2017,4,21164
9/14/2017,4,15795
6/20/2017,4,23582
8/1/2018,4,16031
10/3/2016,4,24274
5/30/2017,4,22397
10/5/2017,4,19646
7/19/2017,4,25419
1/11/2017,4,28218
8/12/2016,4,36662
8/22/2018,4,15508
7/21/2016,4,28110
8/10/2016,4,30243
8/22/2017,4,15708
7/20/2017,4,24261
11/2/2016,4,29983
4/17/2017,4,27804
4/19/2018,4,16018
7/18/2018,4,15847
12/20/2016,4,32108
4/8/2017,4,6162
10/3/2017,4,17480
4/7/2017,4,33623
9/28/2016,4,26083
12/7/2016,4,31619
3/30/2018,4,19743
12/24/2018,4,8105
11/14/2017,4,25032
12/23/2016,4,24748
10/18/2017,4,16636
2/10/2017,4,31219
4/16/2018,4,15656
11/28/2016,4,24162
11/30/2017,4,17950
7/7/2017,4,21836
6/18/2018,4,18689
3/31/2017,4,29344
6/14/2017,4,23487
1/29/2018,4,21896
12/7/2018,4,21133
6/22/2018,4,23878
2/7/2017,4,29943
12/5/2017,4,23249
8/28/2018,4,15360
8/17/2018,4,18781
11/6/2018,4,14755
6/16/2017,4,27715
7/12/2018,4,16650
1/24/2018,4,19747
1/4/2019,4,18587
6/27/2017,4,26645
6/11/2018,4,13623
12/29/2016,4,29862
11/15/2018,4,13483
10/6/2017,4,24900
10/4/2018,4,17965
4/4/2018,4,13893
8/15/2018,4,15113
6/19/2017,4,23759
7/6/2017,4,21281
12/18/2018,4,14965
4/19/2017,4,31368
10/17/2016,4,31668
2/14/2018,4,16770
8/8/2016,4,27060
4/20/2017,4,28232
4/10/2018,4,14945
9/22/2016,4,25432
9/21/2016,4,24230
12/11/2017,4,15783
10/20/2017,4,21317
3/9/2018,4,27630
9/27/2017,4,20850
3/15/2018,4,15259
11/10/2016,4,24648
8/2/2018,4,21944
12/18/2017,4,15883
9/6/2018,4,14560
4/9/2018,4,18934
6/6/2018,4,18965
12/27/2016,4,29214
11/14/2016,4,24318
10/14/2016,4,28752
9/4/2018,4,14856
4/21/2017,4,28856
2/16/2018,4,19775
7/11/2017,4,18574
5/7/2018,4,16608
3/10/2017,4,26793
2/13/2017,4,33374
3/13/2017,4,25380
6/22/2017,4,24165
11/8/2018,4,11247
6/5/2018,4,17796
1/17/2018,4,23101
10/19/2017,4,19209
4/6/2018,4,19412
2/20/2018,4,20889
7/12/2017,4,21788
8/17/2017,4,19805
12/16/2016,4,28478
12/15/2016,4,24720
10/29/2018,4,16885
9/28/2017,4,15998
7/7/2016,4,23208
1/12/2018,4,15601
5/25/2018,4,20947
7/10/2017,4,29225
7/14/2017,4,30907
4/25/2017,4,28981
10/23/2018,4,13727
3/12/2018,4,16937
12/1/2017,4,22912
12/3/2018,4,18225
11/13/2017,4,19921
1/31/2018,4,17949
7/22/2016,4,29463
9/23/2016,4,27952
9/5/2018,4,18774
7/24/2018,4,16821
2/15/2018,4,17791
11/9/2018,4,17702
9/15/2016,4,25112
8/16/2016,4,21780
1/30/2018,4,19613
4/24/2017,4,32182
12/30/2016,4,23460
12/14/2017,4,14488
11/1/2018,4,17869
2/21/2018,4,18709
8/14/2017,4,24532
11/7/2018,4,14536
6/9/2017,4,35410
11/29/2018,4,18081
9/26/2017,4,22330
12/10/2018,4,13640
1/25/2018,4,16410
1/19/2017,4,28194
1/18/2017,4,24643
6/1/2018,4,31144
5/9/2018,4,17753
10/10/2017,4,21024
5/30/2018,4,17848
12/4/2018,4,16874
11/9/2016,4,28699
7/12/2016,4,23995
1/25/2017,4,25386
2/8/2017,4,22798
9/7/2018,4,19917
10/11/2016,4,26304
1/24/2017,4,26310
10/12/2016,4,35178
4/3/2018,4,16672
1/16/2018,4,16966
10/30/2018,4,14641
5/8/2018,4,19679
1/20/2017,4,28296
5/31/2018,4,19795
1/23/2017,4,24804
9/26/2016,4,27582
1/4/2018,4,19186
3/23/2018,4,25052
1/30/2017,4,24943
10/31/2018,4,15973
8/15/2017,4,20475
9/20/2016,4,27984
2/27/2017,4,28042
9/10/2018,4,14868
7/23/2018,4,20445
8/11/2016,4,26635
1/17/2017,4,26772
6/4/2018,4,14652
2/19/2018,4,19812
3/30/2017,4,28811
6/23/2017,4,28889
10/27/2016,4,24024
8/10/2018,4,20407
5/29/2018,4,13524
1/15/2018,4,17352
7/6/2016,4,30570
9/19/2016,4,22760
10/18/2016,4,24912
12/16/2017,4,2748
1/16/2017,4,31015
2/9/2017,4,24238
4/5/2018,4,15814
7/8/2016,4,32511
7/3/2017,4,22802
11/7/2016,4,25278
11/15/2016,4,23269
1/13/2017,4,30814
8/11/2017,4,25068
10/24/2016,4,24295
12/28/2017,4,23526
6/15/2017,4,23253
10/23/2017,4,19082
2/28/2017,4,21678
6/8/2017,4,32114
8/15/2016,4,25650
7/9/2017,1,31716
6/11/2017,1,41838
7/23/2017,1,57775
12/25/2016,1,1080
11/12/2017,1,40932
11/24/2016,3,19436
12/25/2016,3,1080
11/20/2018,4,17787
6/2/2018,4,5310
3/20/2017,4,26631
3/20/2018,4,19036
11/16/2016,4,23370
1/10/2017,4,23985
3/7/2018,4,17689
10/25/2016,4,33140
12/13/2016,4,28933
4/6/2017,4,24703
10/31/2016,4,22986
10/15/2017,4,3330
10/7/2017,4,7223
10/8/2017,4,2520
12/14/2018,4,16375
6/4/2017,4,2790
2/10/2018,4,4320
12/12/2017,4,22806
6/24/2018,4,1620
1/28/2017,4,12474
8/12/2017,4,3030
7/24/2017,4,21995
12/8/2017,4,20348
6/23/2018,4,11244
11/23/2018,4,10637
3/24/2018,4,4320
2/22/2017,4,22789
5/14/2018,4,20067
3/31/2018,4,4952
6/3/2017,4,2940
4/5/2017,4,28872
9/22/2017,4,24715
7/17/2017,4,17038
5/20/2017,4,5010
6/10/2017,4,5010
11/12/2018,4,13066
11/25/2017,4,4590
11/11/2016,4,28352
10/13/2017,4,27230
11/24/2017,4,19774
9/30/2017,4,6712
9/23/2017,4,5130
10/21/2018,4,540
2/20/2017,4,29576
6/9/2018,4,4890
11/17/2016,4,28271
10/2/2018,4,18105
11/18/2018,4,3690
7/27/2018,4,17025
7/18/2017,4,16067
10/14/2017,4,4974
9/8/2018,4,5094
10/26/2018,4,26054
4/7/2018,4,7680
2/4/2017,4,8304
7/29/2016,4,33530
10/28/2017,4,4440
10/24/2017,4,18524
8/2/2016,4,26449
10/19/2016,4,29238
7/13/2017,4,14846
11/8/2016,4,24595
12/2/2017,4,4077
6/17/2018,4,540
6/26/2017,4,27072
11/21/2016,4,26421
3/2/2017,4,23420
3/17/2018,4,2250
1/4/2017,4,27726
12/23/2018,4,2880
6/30/2018,4,10788
4/14/2018,4,3810
12/5/2018,4,14959
3/10/2018,4,4890
9/12/2016,4,26168
5/10/2018,4,16392
9/17/2017,4,4020
1/26/2017,4,21919
1/2/2017,4,14190
9/22/2018,4,7527
7/30/2018,4,15639
10/11/2017,4,19538
10/22/2016,4,2760
8/11/2018,4,9320
4/28/2017,4,25559
6/28/2017,4,13464
12/3/2016,4,6017
5/11/2018,4,24734
12/30/2017,4,3990
1/27/2018,4,4014
7/1/2017,4,6720
4/22/2018,4,1380
5/18/2018,4,20112
5/13/2017,4,4440
12/11/2018,4,14092
10/7/2016,4,34255
9/20/2017,4,15403
8/25/2018,4,6234
11/11/2018,4,1590
11/25/2016,4,11070
8/18/2016,4,23665
9/16/2017,4,4704
7/20/2016,4,27080
6/24/2017,4,2844
7/4/2016,4,7962
9/4/2017,4,6528
7/22/2017,4,1344
3/14/2018,4,15858
7/4/2017,4,5568
6/16/2018,4,3024
12/15/2018,4,5004
8/18/2018,4,3564
9/9/2017,4,2772
4/22/2017,4,1764
7/14/2018,4,4068
11/24/2018,4,4828
5/28/2018,4,5748
10/13/2018,4,6900
2/24/2018,4,3834
3/18/2017,4,5604
9/5/2016,4,10427
12/1/2018,4,4944
2/17/2018,4,2184
7/30/2016,4,7908
10/6/2018,4,5448
1/5/2019,4,4728
12/22/2018,4,3108
10/8/2016,4,3978
7/21/2018,4,3024
3/25/2017,4,11779
10/1/2016,4,7572
9/17/2016,4,10440
7/23/2016,4,12150
8/13/2016,4,12060
12/31/2016,4,4166
9/10/2016,4,11070
11/19/2016,4,7526
8/27/2016,4,7740
12/9/2017,4,6160
10/29/2016,4,3480
5/29/2017,4,16870
12/26/2016,4,16368
11/5/2016,4,6494
9/3/2016,4,9240
8/19/2017,4,3201
7/16/2016,4,10590
11/24/2016,4,7045
8/21/2016,4,6000
7/2/2016,4,7890
8/6/2016,4,6870
1/7/2017,4,9344
12/24/2016,4,1140
8/4/2018,4,7442
7/9/2016,4,4800
9/24/2016,4,4890
11/20/2016,4,10650
12/23/2017,4,4260
7/16/2017,4,5040
9/29/2018,4,4140
4/16/2017,4,1680
4/15/2017,4,3300
2/25/2017,4,7170
10/23/2016,4,3420
9/2/2017,4,6450
2/11/2017,4,3960
4/23/2017,4,6270
5/5/2018,4,4740
2/26/2017,4,2760
4/15/2018,4,840
9/3/2017,4,2850
12/31/2017,4,3810
10/15/2016,4,4860
10/16/2016,4,3420
4/21/2018,4,5580
10/27/2018,4,3780
12/4/2016,4,3180
3/3/2018,4,3120
11/3/2018,4,5160
2/18/2018,4,3120
5/28/2017,4,2460
5/27/2017,4,4440
11/13/2016,4,3300
11/12/2016,4,6630
10/1/2017,4,1800
3/5/2017,4,3840
3/4/2017,4,4920
2/5/2017,4,1800
4/2/2017,4,2760
4/1/2017,4,8820
5/13/2018,4,1770
6/17/2017,4,3480
1/20/2018,4,4140
1/28/2018,4,3840
1/6/2019,4,2520
2/18/2017,4,2520
9/18/2016,4,1260
3/11/2017,4,9934
2/19/2017,4,1680
1/1/2019,4,2100
8/13/2017,4,1380
5/14/2017,4,2220
5/12/2018,4,2401
4/30/2017,4,1680
4/8/2018,4,1380
8/28/2016,4,2100
6/18/2017,4,1260
11/5/2017,4,3301
8/7/2016,4,3720
5/6/2018,4,420
4/9/2017,4,4740
12/3/2017,4,3150
12/17/2017,4,1860
1/8/2017,4,3300
5/6/2017,4,1920
1/21/2018,4,1800
5/7/2017,4,3000
10/30/2016,4,3180
7/29/2017,4,4380
11/26/2016,4,2910
11/25/2018,4,4020
7/31/2016,4,7500
11/17/2018,4,4620
9/15/2018,4,5130
6/25/2017,4,1260
7/8/2018,4,1890
12/10/2017,4,1680
9/4/2016,4,3720
12/9/2018,4,420
1/6/2018,4,1800
1/7/2018,4,1470
7/10/2016,4,4800
3/12/2017,4,4920
8/20/2017,4,2880
6/11/2017,4,1680
10/21/2017,4,1380
9/10/2017,4,7860
8/5/2018,4,960
10/22/2017,4,1800
8/20/2016,4,5190
8/5/2017,4,1920
3/18/2018,4,2340
7/7/2018,4,2940
9/24/2017,4,1800
10/9/2016,4,1800
12/24/2017,4,1260
10/2/2016,4,840
10/28/2018,4,420
11/10/2018,4,2640
3/11/2018,4,1260
11/6/2016,4,4500
7/24/2016,4,2100
9/25/2016,4,1260
9/9/2018,4,1260
12/16/2018,4,1260
8/27/2017,4,840
6/3/2018,4,1260
3/19/2017,4,2640
2/3/2018,4,3810
8/26/2017,4,1260
1/29/2017,4,2100
7/15/2017,4,840
2/25/2018,4,2100
2/4/2018,4,1260
7/9/2017,4,3960
7/28/2018,4,2940
12/30/2018,4,2100
11/19/2017,4,4770
11/18/2017,4,5580
12/29/2018,4,7622
3/25/2018,4,1680
9/23/2018,4,960
2/12/2017,4,1680
12/17/2016,4,3420
1/21/2017,4,8220
8/26/2018,4,420
7/2/2017,4,3300
11/27/2016,4,960
1/22/2017,4,2220
12/18/2016,4,2100
4/28/2018,4,4920
7/8/2017,4,6961
11/26/2017,4,2340
11/23/2017,4,840
5/27/2018,4,3240
9/11/2016,4,1680
10/20/2018,4,5160
1/1/2017,4,2340
1/14/2018,4,1470
8/6/2017,4,840
1/15/2017,4,2100
8/14/2016,4,3720
7/30/2017,4,840
11/12/2017,4,840
5/26/2018,4,5370
3/26/2017,4,1680
12/11/2016,4,1680
12/10/2016,4,7500
9/1/2018,4,2520
11/11/2017,4,420
7/3/2016,4,1680
4/1/2018,4,840
11/22/2018,4,1260
7/17/2016,4,2940
8/19/2018,4,840
5/21/2017,4,4260
1/14/2017,4,5940
7/23/2017,4,840
1/22/2017,1,62170
7/16/2017,1,40104
12/9/2018,1,45866
7/1/2018,4,1080
8/13/2017,1,40914
9/18/2016,1,28918
11/13/2016,1,28914
12/25/2018,3,1281
8/28/2016,1,45648
10/23/2016,1,34784
4/9/2017,1,25080
3/5/2017,1,23400
7/10/2016,1,54974
10/2/2016,1,30416
1/1/2017,1,9720
7/3/2016,1,27776
7/31/2016,1,29690
7/24/2016,1,30968
9/25/2016,1,33756
3/12/2017,1,17550
8/21/2016,1,27658
10/30/2016,1,29324
9/11/2016,1,24652
8/7/2016,1,23326
12/25/2017,1,3780
1/1/2018,4,570
2/19/2017,1,9720
5/19/2018,4,1050
1/13/2018,4,1620
5/20/2018,4,1560
